reviewNo,userId
15772038,airf
15772037,nanw
15772036,zxcv
15772035,sdh1
15772032,guan
15772031,kalk
15772030,xmj0
15772029,tmfr
15772028,glab
15772027,thdu
15772026,424
15772025,yoon
15772023,dudd
15772022,k2sn
15772021,kin0
15772020,zct2
15772019,wjda
15772018,lily
15772017,huyr
15772016,nege
15772015,frie
15772014,vanq
15772013,youn
15772012,zard
15772011,hane
15772010,lse0
15772009,scw6
15772008,mac2
15772007,h471
15772006,taix
15772005,jhl5
15772004,bj69
15772003,kktw
15772002,jjk7
15772001,mh31
15772000,mony
15771998,hosu
15771996,o233
15771995,worl
15771994,stev
15771993,mumu
15771992,gkeh
15771991,2pop
15771990,thfl
15771989,patl
15771988,ehw2
15771985,jesu
15771984,xide
15771983,zai0
15771982,gjk1
15771981,sohy
15771980,roto
15771979,ebc8
15771978,gglo
15771977,ldsl
15771976,suha
15771974,hanu
15771973,as20
15771972,kchm
15771971,asdz
15771970,akh3
15771969,wato
15771968,bann
15771967,igoo
15771966,azra
15771965,leer
15771963,boom
15771961,sang
15771960,yoya
15771959,sssk
15771958,kimd
15771956,msjs
15771955,qudr
15771954,gopa
15771953,yyua
15771951,babo
15771950,bjwb
15771948,artn
15771947,sugo
15771946,sohe
15771945,grea
15771944,zero
15771943,toyc
15771942,lucy
15771941,hall
15771940,imag
15771939,jump
15771938,bs07
15771937,reds
15771936,ykm3
15771935,jjo2
15771934,tsp0
15771933,sky9
15771932,yodo
15771931,dewp
15771929,eyku
15771927,geon
15771926,myil
15771925,hous
15771922,huya
