userId,rating,movieId
airf,2,136900
airf,10,163788
airf,10,174065
nanw,10,154667
nanw,10,136900
nanw,10,145335
nanw,9,120141
nanw,9,54704
zxcv,7,113351
zxcv,10,86507
zxcv,10,39705
zxcv,1,39756
zxcv,10,31925
zxcv,6,35098
zxcv,1,168679
zxcv,8,123300
zxcv,2,151188
zxcv,2,41592
zxcv,10,18811
zxcv,1,118994
zxcv,2,164183
zxcv,10,76016
zxcv,10,130997
zxcv,10,24522
zxcv,1,148909
zxcv,2,139700
zxcv,1,158622
zxcv,10,171725
zxcv,6,181411
zxcv,7,164932
zxcv,1,132623
zxcv,10,58072
zxcv,5,67696
zxcv,1,61060
zxcv,10,76037
zxcv,6,141104
zxcv,10,34431
zxcv,10,38689
zxcv,10,31882
zxcv,1,158112
zxcv,1,126034
zxcv,6,116233
zxcv,7,167651
zxcv,3,167697
zxcv,5,67533
zxcv,8,105246
zxcv,6,146501
zxcv,6,106065
zxcv,1,161868
zxcv,2,146485
zxcv,9,29558
zxcv,9,152632
zxcv,8,169643
zxcv,9,122596
zxcv,6,39907
zxcv,8,57971
zxcv,8,10504
zxcv,10,13008
zxcv,8,87305
zxcv,10,37838
zxcv,10,29321
zxcv,6,151153
zxcv,1,11181
zxcv,5,165475
zxcv,4,170879
zxcv,9,27563
zxcv,1,178654
zxcv,4,160375
zxcv,2,168047
zxcv,3,168049
zxcv,2,154255
zxcv,10,47411
zxcv,10,158610
zxcv,2,11467
zxcv,7,37050
zxcv,1,167602
zxcv,8,168050
zxcv,1,131388
zxcv,7,136990
zxcv,6,149248
zxcv,9,116234
zxcv,3,164115
zxcv,10,118917
zxcv,9,118950
zxcv,6,153675
zxcv,1,169015
zxcv,10,130943
zxcv,8,168017
zxcv,10,85579
zxcv,1,143214
zxcv,1,144330
zxcv,8,103321
zxcv,10,106360
zxcv,10,151728
zxcv,1,158180
zxcv,1,170427
zxcv,10,122527
zxcv,10,154668
zxcv,10,153652
zxcv,5,118377
zxcv,1,158495
zxcv,1,146316
zxcv,10,156083
zxcv,8,99715
zxcv,5,152385
zxcv,10,40135
zxcv,6,152633
zxcv,1,152625
zxcv,10,17419
zxcv,10,149747
zxcv,9,97629
zxcv,10,38197
zxcv,2,149283
zxcv,3,82473
zxcv,6,143394
zxcv,10,127398
zxcv,7,129049
zxcv,1,125473
zxcv,8,121051
zxcv,6,127397
zxcv,9,149776
zxcv,1,137008
zxcv,3,100691
zxcv,5,113344
zxcv,9,49336
zxcv,7,129383
zxcv,3,115642
zxcv,10,136872
zxcv,10,29044
zxcv,6,87585
zxcv,3,97692
zxcv,5,130849
zxcv,10,130850
zxcv,5,119430
zxcv,6,150198
zxcv,1,74866
zxcv,8,134963
zxcv,6,142803
zxcv,3,137938
zxcv,1,148675
zxcv,10,69105
zxcv,10,10489
zxcv,6,86899
zxcv,1,98149
zxcv,4,94187
zxcv,1,39470
zxcv,7,127364
zxcv,7,92003
zxcv,10,57899
zxcv,1,96014
zxcv,9,54977
zxcv,2,117861
zxcv,9,92064
zxcv,10,18819
zxcv,10,28788
zxcv,9,92011
zxcv,1,96969
zxcv,10,57723
zxcv,4,98430
zxcv,10,41450
zxcv,1,65058
zxcv,9,88461
zxcv,1,89724
zxcv,1,93739
zxcv,10,68587
zxcv,7,76450
zxcv,1,119985
zxcv,10,126389
zxcv,6,37896
zxcv,10,18543
zxcv,9,112268
zxcv,1,100950
zxcv,10,19436
zxcv,1,96986
zxcv,7,92536
zxcv,9,76051
zxcv,10,19509
zxcv,10,33080
zxcv,1,91399
zxcv,1,140895
zxcv,6,76444
zxcv,9,115622
zxcv,1,49004
zxcv,3,102824
zxcv,6,67786
zxcv,10,92823
zxcv,10,114249
zxcv,10,98438
zxcv,1,52541
zxcv,10,83893
zxcv,8,97857
zxcv,6,79425
zxcv,10,100931
zxcv,10,76020
zxcv,8,127338
zxcv,7,98996
zxcv,7,91192
zxcv,2,93158
zxcv,10,100990
zxcv,1,45914
zxcv,7,93933
zxcv,2,62328
zxcv,9,90589
zxcv,10,10262
zxcv,1,67769
zxcv,10,98747
zxcv,8,93756
zxcv,10,72363
zxcv,8,70121
zxcv,2,72357
zxcv,1,101700
zxcv,10,89755
zxcv,1,101611
zxcv,6,78726
zxcv,1,103519
zxcv,1,109912
zxcv,4,71761
zxcv,10,10102
zxcv,10,47528
zxcv,1,92825
zxcv,9,52515
zxcv,8,85640
zxcv,5,92047
zxcv,6,70994
zxcv,7,49228
zxcv,8,64995
zxcv,4,84997
zxcv,10,45945
zxcv,10,51689
zxcv,7,36869
zxcv,10,38582
zxcv,10,33756
zxcv,6,73411
zxcv,6,78070
zxcv,9,32900
zxcv,8,65869
zxcv,10,44715
zxcv,10,76626
zxcv,10,71487
zxcv,2,44477
zxcv,10,25906
zxcv,7,74879
zxcv,10,42842
zxcv,10,13172
zxcv,8,54704
zxcv,7,78218
zxcv,10,45535
zxcv,5,66158
zxcv,8,35070
zxcv,10,13244
zxcv,6,66144
zxcv,7,37236
zxcv,10,24602
zxcv,10,16906
zxcv,10,22126
zxcv,8,34227
zxcv,10,11482
zxcv,10,52524
zxcv,5,53025
zxcv,1,174065
zxcv,1,52744
zxcv,2,63202
zxcv,4,50407
zxcv,10,33836
zxcv,1,65649
zxcv,10,40743
zxcv,4,51074
zxcv,10,41599
zxcv,1,48246
zxcv,3,81784
zxcv,10,75470
zxcv,10,24008
zxcv,10,10200
zxcv,10,32686
zxcv,10,52120
zxcv,6,75693
zxcv,6,70241
zxcv,10,52503
zxcv,10,64129
zxcv,10,76347
zxcv,10,18934
zxcv,3,73018
zxcv,10,50598
zxcv,7,52462
zxcv,9,33681
zxcv,7,71499
zxcv,5,51918
zxcv,10,30791
zxcv,8,37245
zxcv,2,30984
zxcv,10,19761
zxcv,10,56083
zxcv,10,39894
zxcv,10,39150
zxcv,10,30302
zxcv,10,31013
zxcv,1,61431
zxcv,9,36484
zxcv,10,17521
zxcv,7,43157
zxcv,8,39484
zxcv,10,36590
zxcv,1,65000
zxcv,10,35624
zxcv,8,75396
zxcv,6,39758
zxcv,2,49725
zxcv,10,31268
zxcv,9,61428
zxcv,10,29712
zxcv,2,79401
zxcv,3,48227
zxcv,5,66487
zxcv,10,33082
zxcv,8,39576
zxcv,1,38662
zxcv,10,38766
zxcv,9,36944
zxcv,2,56469
zxcv,10,30688
zxcv,10,72393
zxcv,8,57278
zxcv,10,11810
zxcv,4,39786
zxcv,10,18682
zxcv,4,51386
zxcv,10,45944
zxcv,8,39524
zxcv,9,39368
zxcv,10,39584
zxcv,6,50098
zxcv,8,18847
zxcv,10,66463
zxcv,2,47531
zxcv,10,52425
zxcv,10,52757
zxcv,4,69958
zxcv,1,69269
zxcv,10,71790
zxcv,1,52999
zxcv,7,31465
zxcv,1,72523
zxcv,10,19110
zxcv,10,45774
zxcv,10,10114
zxcv,10,53149
zxcv,10,65067
zxcv,10,60484
zxcv,10,16172
zxcv,10,66381
zxcv,10,62733
zxcv,1,42589
zxcv,10,68555
zxcv,1,45292
zxcv,10,51510
zxcv,1,58387
zxcv,10,35990
zxcv,1,10962
zxcv,1,39569
zxcv,10,37005
zxcv,10,48742
zxcv,10,62422
zxcv,1,53813
zxcv,1,60166
zxcv,10,10936
sdh1,9,139523
sdh1,9,146548
sdh1,10,159862
sdh1,10,44022
guan,10,161967
guan,10,167651
guan,8,156464
guan,6,171755
guan,9,157297
kalk,1,174065
kalk,10,31159
kalk,1,152344
kalk,10,113353
kalk,10,67769
kalk,8,47531
kalk,10,37397
kalk,10,101901
xmj0,6,177483
xmj0,1,159070
xmj0,2,173653
xmj0,1,158112
xmj0,6,85579
xmj0,5,145162
xmj0,2,154366
xmj0,8,118922
xmj0,7,109753
xmj0,10,99724
tmfr,10,163788
tmfr,8,121788
glab,8,137327
glab,10,151151
glab,8,170879
glab,8,150689
thdu,8,161967
thdu,8,168298
thdu,10,105939
thdu,9,127382
424,10,161967
yoon,6,163788
yoon,8,164173
yoon,10,171785
yoon,10,174050
yoon,1,161984
yoon,8,167651
yoon,10,152344
yoon,2,157297
yoon,10,164102
yoon,10,171755
yoon,10,175322
yoon,2,162869
yoon,6,156565
yoon,9,139673
dudd,8,161967
dudd,10,172187
dudd,10,167697
dudd,10,165722
dudd,10,158576
dudd,10,125439
dudd,8,156200
dudd,10,132626
k2sn,8,159845
k2sn,9,47385
k2sn,9,167699
k2sn,6,163826
k2sn,10,35901
k2sn,9,171785
k2sn,10,174050
k2sn,10,136900
k2sn,6,163608
k2sn,8,39801
k2sn,9,83084
k2sn,9,121048
k2sn,5,161984
k2sn,8,167099
k2sn,10,156464
k2sn,6,164172
k2sn,5,159070
k2sn,8,123277
k2sn,4,167651
k2sn,4,164173
k2sn,3,144266
k2sn,10,31788
k2sn,8,149776
k2sn,7,129050
k2sn,9,88426
k2sn,9,151153
k2sn,6,166092
k2sn,9,164101
k2sn,8,164139
k2sn,4,156496
k2sn,10,88669
k2sn,10,50724
k2sn,8,157297
k2sn,5,118307
k2sn,9,164192
k2sn,9,167638
k2sn,4,173884
k2sn,6,171755
k2sn,8,167374
k2sn,7,174835
k2sn,9,31405
k2sn,9,167105
k2sn,8,155356
k2sn,9,168058
k2sn,2,166610
k2sn,5,146421
k2sn,2,171750
k2sn,2,160487
k2sn,8,97693
k2sn,9,168749
k2sn,5,163533
k2sn,9,160721
k2sn,10,136842
k2sn,10,161850
k2sn,10,154136
k2sn,10,122527
k2sn,8,93035
k2sn,9,82389
k2sn,10,68695
k2sn,10,79762
k2sn,10,86533
kin0,1,174065
kin0,1,159845
kin0,4,152344
kin0,10,167697
kin0,10,165461
zct2,10,152625
zct2,10,158191
zct2,10,141104
zct2,10,117787
zct2,1,157297
zct2,1,162981
zct2,7,158112
zct2,10,85579
zct2,1,52503
zct2,10,37397
zct2,10,65902
zct2,10,142305
zct2,10,142822
zct2,1,128273
zct2,10,36720
zct2,10,112268
zct2,5,98149
zct2,10,81322
zct2,7,127768
zct2,10,63722
zct2,1,127338
zct2,10,35619
zct2,9,52747
zct2,9,67769
zct2,10,91192
zct2,10,96961
zct2,10,76709
wjda,10,137327
wjda,6,177371
wjda,10,136900
wjda,10,156464
wjda,1,166092
wjda,10,167105
wjda,10,119428
wjda,1,109906
wjda,1,172003
wjda,10,144330
wjda,10,141668
wjda,10,154285
wjda,2,100691
wjda,6,74866
wjda,10,47152
wjda,10,136315
wjda,1,169347
wjda,10,109960
wjda,10,152249
wjda,10,142822
wjda,10,143394
wjda,10,103535
wjda,10,96327
wjda,10,98146
wjda,2,121048
wjda,6,92575
lily,8,177967
lily,10,100974
huyr,10,164173
huyr,10,167099
huyr,10,78845
huyr,10,103535
huyr,10,88662
huyr,10,69986
huyr,10,67061
huyr,10,57794
nege,1,177483
nege,1,163826
nege,1,180425
nege,10,174626
nege,8,175322
nege,1,124845
nege,1,140718
nege,5,166589
nege,2,122916
nege,1,45290
nege,1,25584
nege,1,89667
nege,1,88253
nege,1,19074
nege,1,10037
nege,1,65963
nege,3,85870
nege,3,52515
nege,2,92181
nege,7,19303
nege,1,51947
nege,10,78784
nege,4,54290
nege,10,52777
nege,1,53781
nege,1,73372
nege,10,65245
nege,1,52553
nege,1,28465
nege,10,38421
nege,4,62586
nege,6,76445
nege,10,65869
nege,1,38618
nege,1,38766
nege,4,76459
nege,6,75337
nege,3,74295
nege,8,41838
nege,4,47531
nege,7,69986
nege,9,75400
nege,1,73344
nege,2,61115
nege,4,70397
nege,4,72408
nege,1,39430
frie,10,161967
frie,10,167638
frie,6,140652
frie,10,146469
frie,5,130903
frie,6,143245
frie,10,100647
frie,9,105521
frie,7,107924
frie,5,103762
frie,5,92575
frie,10,87571
frie,10,73476
frie,8,58018
frie,10,39894
vanq,10,161967
vanq,10,115977
youn,1,152170
zard,9,152170
zard,10,158653
zard,1,127397
zard,1,161331
zard,1,162981
zard,10,160749
zard,5,166610
zard,10,150637
zard,1,100691
zard,1,155411
zard,1,153687
zard,10,170242
zard,1,71713
zard,1,136315
zard,10,155716
zard,1,42792
zard,1,85578
zard,10,154449
zard,1,168298
zard,1,10636
zard,1,144314
zard,10,127383
zard,1,141206
zard,10,46875
zard,1,142384
zard,5,152161
zard,1,106360
zard,10,115240
zard,10,144975
zard,10,25265
zard,10,31476
zard,10,63268
zard,10,38461
zard,10,44025
zard,10,157178
zard,8,139673
zard,10,161242
zard,1,142822
zard,1,120581
zard,1,153652
zard,1,146506
zard,1,113344
zard,1,134977
zard,10,83546
zard,1,156465
zard,1,19051
zard,1,93234
zard,10,145421
zard,10,29208
zard,10,130989
zard,8,133057
zard,1,132610
zard,1,146548
zard,10,92536
zard,1,131384
zard,1,122527
zard,1,70254
zard,1,129406
zard,1,107782
zard,1,134877
zard,10,109957
zard,1,107374
zard,1,62285
zard,10,43208
zard,1,143245
zard,5,130786
zard,10,114265
zard,1,17524
zard,1,100072
zard,1,100647
zard,1,127496
zard,1,78726
zard,1,117790
zard,10,69316
zard,1,31267
zard,10,47385
zard,10,79602
zard,1,39622
zard,1,31801
zard,1,94829
zard,1,31199
zard,1,129049
zard,5,85660
zard,10,117262
zard,1,117281
zard,10,138576
zard,1,10331
zard,1,98485
zard,1,79826
zard,1,51943
zard,1,66283
zard,1,125484
zard,1,92067
zard,10,141418
zard,1,130956
zard,1,129050
zard,10,121117
zard,10,130012
zard,10,38617
zard,10,104467
zard,10,115622
zard,1,130342
zard,10,50681
zard,10,132665
zard,1,138963
zard,10,103535
zard,1,39637
zard,1,114277
zard,1,112041
zard,1,80465
zard,9,49483
zard,1,92533
zard,1,38901
zard,1,120123
zard,10,137347
zard,1,133253
zard,1,115433
zard,1,98438
zard,10,114593
zard,10,11678
zard,10,57897
zard,1,126841
zard,10,86505
zard,10,38091
zard,1,108225
zard,1,123277
zard,1,24280
zard,5,93008
zard,1,127858
zard,10,100303
zard,1,92069
zard,1,52515
zard,10,35939
zard,10,125833
zard,10,113165
zard,10,118395
zard,1,60484
zard,10,91566
zard,1,109911
zard,1,123596
zard,1,119966
zard,10,122009
zard,10,94170
zard,10,79312
zard,10,52234
zard,1,65669
zard,1,76794
zard,10,45475
zard,1,112268
zard,1,74027
zard,10,36484
zard,10,53148
zard,10,76626
zard,1,109984
zard,1,118974
zard,1,107961
zard,1,106547
zard,1,120102
zard,1,93793
zard,10,85702
zard,10,18610
zard,1,102279
zard,1,69990
zard,1,43568
zard,1,82080
zard,1,69040
zard,1,117774
zard,1,92011
zard,10,87232
zard,10,113353
zard,10,68204
zard,1,102875
zard,10,42867
zard,1,10048
zard,10,36343
zard,5,89361
zard,1,39640
zard,1,98430
zard,10,76691
zard,1,107928
zard,1,45290
zard,1,100828
zard,5,93752
zard,10,64129
zard,1,115534
zard,1,116532
zard,10,67090
zard,7,90901
zard,7,99794
zard,1,62249
zard,9,103709
zard,3,88258
zard,10,91955
zard,1,37354
zard,1,83214
zard,10,39576
zard,1,71761
zard,1,93756
zard,1,69855
zard,10,99752
zard,1,78673
zard,10,44111
zard,1,100801
zard,1,50724
zard,1,98146
zard,1,83084
zard,1,51689
zard,10,76355
zard,1,118652
zard,10,40033
zard,10,49479
zard,1,74449
zard,1,96959
zard,1,98417
zard,1,47370
zard,2,92575
zard,1,70007
zard,1,39614
zard,1,88237
zard,1,99632
zard,1,88270
zard,5,93728
zard,1,103704
zard,10,34532
zard,10,38689
zard,10,37974
zard,10,27624
zard,10,38699
zard,1,62894
zard,10,38464
zard,10,89606
zard,1,85640
zard,10,94775
zard,9,40031
zard,9,72058
zard,1,89615
zard,1,53149
zard,10,52013
zard,10,51282
zard,1,89873
zard,10,88669
zard,10,62233
zard,1,72560
zard,10,25580
zard,1,66158
zard,10,24668
zard,1,75395
zard,10,29548
zard,10,88426
zard,10,34226
zard,10,38449
zard,1,54411
zard,10,55405
zard,1,68435
zard,10,74315
zard,10,87571
zard,9,68695
zard,10,69986
zard,1,71628
zard,10,36931
zard,6,68498
zard,10,31159
zard,10,37245
zard,10,28796
zard,10,13314
zard,10,55036
zard,1,52074
zard,10,69951
zard,7,22061
zard,10,11361
zard,1,72960
zard,10,68555
zard,10,25917
zard,8,53037
zard,10,65435
zard,10,63513
hane,10,163788
hane,10,99714
lse0,10,174065
scw6,10,47701
scw6,10,142822
scw6,10,124041
scw6,1,102431
scw6,10,45290
scw6,10,93028
mac2,8,161967
h471,10,161967
h471,2,174065
taix,10,161967
taix,10,163608
taix,10,167638
taix,10,167105
taix,6,132996
taix,10,140652
taix,10,169015
taix,10,154285
taix,10,136315
taix,10,141206
taix,10,155665
taix,10,85579
taix,10,158180
taix,10,153651
taix,10,165748
taix,10,158112
taix,10,140695
taix,10,44913
taix,10,137952
taix,10,141104
taix,10,126032
jhl5,4,161967
jhl5,10,152266
jhl5,2,137952
jhl5,1,143282
jhl5,10,129333
jhl5,8,10173
jhl5,1,93756
jhl5,1,99723
jhl5,8,68945
jhl5,6,62266
bj69,10,161967
kktw,7,159830
kktw,7,174659
kktw,7,66464
kktw,7,47701
kktw,6,62328
kktw,7,57412
kktw,7,155263
kktw,7,154449
kktw,6,29042
kktw,7,155716
kktw,7,10093
kktw,7,41672
kktw,8,62266
kktw,7,89755
kktw,7,36843
kktw,7,61450
kktw,7,36950
kktw,7,19403
kktw,6,38091
kktw,7,63156
kktw,8,31795
kktw,8,31796
kktw,7,31794
jjk7,10,161967
jjk7,10,154449
jjk7,2,141206
jjk7,10,158180
mh31,10,161967
mony,4,106360
mony,9,117787
mony,2,72270
mony,6,68587
mony,4,157297
mony,3,154272
mony,4,161984
mony,5,167099
mony,6,75237
mony,7,153687
mony,7,156083
mony,5,66617
mony,7,19074
mony,5,84218
mony,10,47370
mony,4,162981
mony,4,49336
mony,6,38546
mony,8,149236
mony,10,122120
mony,2,137326
mony,10,47986
mony,1,13582
mony,1,159037
mony,4,103704
mony,9,19302
mony,9,19303
mony,1,76972
mony,10,31940
mony,1,83410
mony,10,58333
hosu,10,94170
hosu,7,180399
hosu,10,116254
hosu,1,177371
hosu,1,161967
hosu,8,100987
hosu,4,181414
hosu,7,180425
hosu,1,174530
hosu,1,179506
hosu,1,180169
hosu,1,177483
hosu,1,183132
hosu,1,174065
hosu,10,16428
hosu,1,175366
hosu,1,171785
hosu,1,173667
hosu,1,159845
hosu,1,182348
hosu,1,174050
hosu,1,180381
hosu,1,152624
hosu,9,66200
hosu,10,71772
hosu,8,39345
hosu,7,124263
hosu,8,134885
hosu,8,137970
hosu,1,161984
hosu,1,153580
hosu,1,163608
hosu,1,132623
hosu,9,10251
hosu,10,154313
hosu,10,168501
hosu,1,159070
hosu,1,182360
hosu,10,132333
hosu,10,181711
hosu,1,169078
hosu,1,177374
hosu,1,164173
hosu,1,167651
hosu,1,167699
hosu,1,164172
hosu,9,101999
hosu,1,166092
hosu,1,164101
hosu,1,157297
hosu,10,18865
hosu,1,163058
hosu,5,172768
hosu,1,171755
hosu,7,146517
hosu,1,156496
hosu,1,152182
hosu,8,39614
hosu,1,170879
hosu,4,39894
hosu,6,10130
hosu,6,42795
hosu,1,164192
hosu,7,168059
hosu,6,152656
hosu,7,149757
hosu,1,164102
hosu,1,164116
hosu,1,174835
hosu,1,166610
hosu,1,137917
hosu,1,176354
hosu,1,164147
hosu,10,179139
hosu,10,121094
hosu,7,130966
hosu,5,99752
hosu,1,168049
hosu,10,19522
hosu,1,121922
hosu,1,165060
hosu,1,153297
hosu,1,156464
hosu,1,167638
hosu,8,174626
hosu,1,172425
hosu,4,123300
hosu,9,31778
hosu,1,168050
hosu,1,174807
hosu,1,134772
hosu,7,150637
hosu,1,132933
hosu,7,88225
hosu,1,72522
hosu,10,121051
hosu,10,161242
hosu,1,93028
hosu,1,155356
hosu,10,152680
hosu,8,158620
hosu,1,167105
hosu,1,152156
hosu,1,164106
hosu,1,162981
hosu,1,163533
hosu,1,132996
hosu,10,146488
hosu,1,149221
hosu,10,154285
hosu,1,172010
hosu,1,140652
hosu,1,168991
hosu,1,169015
hosu,6,76972
hosu,1,153687
hosu,1,167697
hosu,7,162249
hosu,10,129086
hosu,4,31085
hosu,1,109906
hosu,1,52548
hosu,10,23847
hosu,10,63113
hosu,10,68984
hosu,1,164151
hosu,10,11660
hosu,1,167787
hosu,1,154251
hosu,6,38618
hosu,3,49483
hosu,1,34501
hosu,1,39405
hosu,1,175322
hosu,8,137326
hosu,10,169240
hosu,6,68587
hosu,1,168405
hosu,10,17758
hosu,8,72045
hosu,8,12008
hosu,1,156466
hosu,10,26333
hosu,10,29657
hosu,6,144918
hosu,6,152341
hosu,10,140895
hosu,10,141723
hosu,10,121196
hosu,10,10744
hosu,1,159892
hosu,8,37261
hosu,10,10630
hosu,1,37461
hosu,4,43208
hosu,10,53945
hosu,5,93094
hosu,10,46494
hosu,10,31465
hosu,8,34229
hosu,8,86479
hosu,1,142384
hosu,1,168017
hosu,8,109984
hosu,1,95877
hosu,9,65968
hosu,8,52555
hosu,10,29217
hosu,8,37742
hosu,8,52775
hosu,1,87975
hosu,1,19500
hosu,1,27219
hosu,1,158558
hosu,1,173958
hosu,1,156098
hosu,10,38097
hosu,6,39841
hosu,7,158623
hosu,1,168693
hosu,1,167100
hosu,1,147388
hosu,1,174806
hosu,1,171413
hosu,1,130373
hosu,1,169551
hosu,1,171415
hosu,1,17696
hosu,10,19306
hosu,1,174257
hosu,1,165321
hosu,10,70392
hosu,10,143776
hosu,1,158885
hosu,9,137945
hosu,6,168011
hosu,10,96997
hosu,1,173459
hosu,1,158178
hosu,1,146469
hosu,10,174617
hosu,1,144959
hosu,1,155263
hosu,1,171414
hosu,1,164684
hosu,1,171822
hosu,1,170289
hosu,1,159877
hosu,1,169347
hosu,1,172454
hosu,6,83197
hosu,10,10046
hosu,9,10244
hosu,7,11424
hosu,10,10330
hosu,10,158628
hosu,10,158610
hosu,2,127338
hosu,9,97975
hosu,7,92823
hosu,8,114282
hosu,8,101700
hosu,5,158647
hosu,8,78621
hosu,7,82440
hosu,7,71073
hosu,1,173653
hosu,7,24542
hosu,10,31162
hosu,7,125419
hosu,9,143495
hosu,7,91399
hosu,1,125494
hosu,10,99746
hosu,10,84997
hosu,2,25584
hosu,1,158601
hosu,3,34818
hosu,1,125488
hosu,10,49857
hosu,1,65217
hosu,1,162876
hosu,10,37709
hosu,1,158626
hosu,1,141206
hosu,8,19019
hosu,10,18870
hosu,1,154449
hosu,7,125439
hosu,1,158112
hosu,1,146407
hosu,1,154717
hosu,1,153651
hosu,8,53902
hosu,9,85633
hosu,9,143394
hosu,6,100203
hosu,10,49359
hosu,6,144943
hosu,10,170427
hosu,10,16090
hosu,6,52777
hosu,9,118361
hosu,7,47370
hosu,5,38281
hosu,9,99715
hosu,7,146480
hosu,1,158191
hosu,1,155665
hosu,10,75413
hosu,8,125468
hosu,1,147092
hosu,9,116234
hosu,9,142255
hosu,7,72042
hosu,8,143435
hosu,10,63403
hosu,1,94767
hosu,8,67786
hosu,8,133496
hosu,7,141413
hosu,6,65998
hosu,8,33152
hosu,1,93756
hosu,1,37886
hosu,10,69986
hosu,1,39801
hosu,6,103320
hosu,7,24196
hosu,7,24415
hosu,6,66751
hosu,8,125466
hosu,8,124212
hosu,1,162420
hosu,1,154353
hosu,1,149517
hosu,10,120160
hosu,10,39908
hosu,10,73285
hosu,1,137952
hosu,1,121048
hosu,1,146506
hosu,7,152633
hosu,6,136868
hosu,8,91603
hosu,10,140265
hosu,10,156083
hosu,1,91611
hosu,10,85141
hosu,9,136869
hosu,10,118307
hosu,1,152684
hosu,6,90590
hosu,1,146534
hosu,10,72058
hosu,10,36666
hosu,10,142822
hosu,10,153449
hosu,8,31345
hosu,10,31882
hosu,8,80219
hosu,7,16579
hosu,10,31911
hosu,8,109642
hosu,8,72408
hosu,8,129049
hosu,10,56671
hosu,1,68031
hosu,1,95501
hosu,1,106850
hosu,8,52245
hosu,10,124238
hosu,10,61482
hosu,10,18183
hosu,8,38899
hosu,1,152183
hosu,10,120188
hosu,1,92093
hosu,7,35904
hosu,1,46985
hosu,1,93793
hosu,1,71932
hosu,6,106540
hosu,10,102272
hosu,10,129333
hosu,10,92069
hosu,10,46875
hosu,1,78837
hosu,1,60016
hosu,1,63562
hosu,6,93728
hosu,6,71438
hosu,10,18488
hosu,5,82434
hosu,8,92047
hosu,6,102824
hosu,7,77768
hosu,10,51579
hosu,1,100647
hosu,1,134899
hosu,7,130850
hosu,1,135843
hosu,10,49727
hosu,1,15899
hosu,7,107928
hosu,9,17162
hosu,10,10501
hosu,1,124013
hosu,6,67785
hosu,7,89218
hosu,8,52747
hosu,10,99794
hosu,10,118952
hosu,4,91192
hosu,10,62266
hosu,8,19403
hosu,10,17040
hosu,10,10647
hosu,10,92068
hosu,10,113377
hosu,10,102085
hosu,1,98996
hosu,10,88461
hosu,7,91031
hosu,1,101901
hosu,7,119456
hosu,1,96982
hosu,10,97816
hosu,1,124803
hosu,10,90589
hosu,10,75475
hosu,6,80466
hosu,6,62328
hosu,10,18610
hosu,7,45290
hosu,10,119294
hosu,10,17116
hosu,1,39840
hosu,10,86866
hosu,7,90901
hosu,6,107921
hosu,7,97696
hosu,10,24386
hosu,10,65735
hosu,10,38908
hosu,10,83546
hosu,1,72405
hosu,1,99354
hosu,10,31906
hosu,1,92114
hosu,7,17922
hosu,7,52514
hosu,1,47384
hosu,1,87246
hosu,10,39879
hosu,1,86023
hosu,1,88240
hosu,1,89873
hosu,1,85659
hosu,1,94568
hosu,1,14450
hosu,1,33422
hosu,1,72043
hosu,5,85870
hosu,1,18844
hosu,1,36763
hosu,1,76955
hosu,10,52515
hosu,1,86899
hosu,1,38488
hosu,10,35733
hosu,1,17724
hosu,1,83741
hosu,1,53751
hosu,10,19099
hosu,10,10561
hosu,1,78726
hosu,9,49463
hosu,1,82253
hosu,1,62789
hosu,10,31267
hosu,10,19063
hosu,10,36385
hosu,1,13266
hosu,1,38197
hosu,10,60508
hosu,6,56612
hosu,10,63156
hosu,8,10365
hosu,7,70000
hosu,6,17534
hosu,10,47404
hosu,6,32681
hosu,5,79159
hosu,5,34958
hosu,10,10045
hosu,10,69783
hosu,10,78388
hosu,5,77119
hosu,7,78627
hosu,5,71628
hosu,10,17094
hosu,1,76450
hosu,8,79559
hosu,6,74767
hosu,10,82540
hosu,1,76442
hosu,10,54290
hosu,10,71943
hosu,6,73508
hosu,9,87314
hosu,8,81935
hosu,9,67374
hosu,9,10238
hosu,10,17254
hosu,1,74147
hosu,7,65994
hosu,10,39680
hosu,8,41839
hosu,10,33048
hosu,9,28910
hosu,10,10086
hosu,10,81420
hosu,9,51443
hosu,8,82188
hosu,10,43209
hosu,4,72327
hosu,1,51386
hosu,10,37409
hosu,9,68063
hosu,10,68695
hosu,7,66520
hosu,10,24831
hosu,10,18988
hosu,7,58072
hosu,8,19504
hosu,10,10103
hosu,10,39907
hosu,10,48747
hosu,10,33755
hosu,10,59075
hosu,10,42117
hosu,8,68537
hosu,10,31158
hosu,10,16217
hosu,10,35757
hosu,10,19079
hosu,10,17421
hosu,8,64080
hosu,1,69207
hosu,10,53825
hosu,10,39906
hosu,7,62838
hosu,9,26348
hosu,7,66102
hosu,10,40101
hosu,10,36484
hosu,10,10314
hosu,10,29146
hosu,10,31185
hosu,10,10072
hosu,10,17541
hosu,7,58323
hosu,1,37869
hosu,10,39786
hosu,7,56325
hosu,1,61430
hosu,10,34076
hosu,1,58018
hosu,7,34331
hosu,10,43502
hosu,10,29378
hosu,10,33410
hosu,3,31914
hosu,10,49380
hosu,2,56227
hosu,1,68046
hosu,2,65991
hosu,8,28099
hosu,10,34819
hosu,10,35187
hosu,10,29059
hosu,10,17970
hosu,7,60755
hosu,10,37758
hosu,8,40917
hosu,10,10173
hosu,10,64191
hosu,10,57095
hosu,10,12482
hosu,10,39813
hosu,10,39636
hosu,3,36344
hosu,6,39804
hosu,5,32224
hosu,10,34010
hosu,10,10071
hosu,1,60311
hosu,1,42589
hosu,9,61521
hosu,10,39846
hosu,9,37936
hosu,8,36651
hosu,1,55677
o233,9,161967
worl,3,163842
worl,8,30306
worl,10,151752
worl,1,158610
worl,10,71509
worl,10,174050
worl,10,100203
worl,6,153580
worl,8,171785
worl,1,167099
worl,3,163608
worl,10,74315
worl,10,144906
worl,9,99752
worl,10,34969
worl,1,102278
worl,8,167699
worl,10,31778
worl,5,159070
worl,10,82540
worl,1,94767
worl,1,172454
worl,1,157974
worl,4,164172
worl,1,152344
worl,6,167651
worl,10,129406
worl,10,18847
worl,10,44910
worl,10,155356
worl,10,142210
worl,1,52072
worl,10,70910
worl,10,103759
worl,10,146469
worl,1,169015
worl,1,132996
worl,8,121837
worl,1,158178
worl,10,124206
worl,2,175322
worl,5,167697
worl,10,83260
worl,10,58085
worl,10,130939
worl,1,138895
worl,10,39625
worl,1,155665
worl,1,85579
worl,10,158191
worl,10,146459
worl,10,142305
worl,10,10046
worl,10,37886
stev,10,161967
mumu,10,161967
mumu,10,183877
mumu,5,172010
mumu,10,155263
mumu,10,37886
mumu,10,162229
mumu,10,29848
mumu,10,162824
mumu,10,162173
mumu,1,154112
mumu,8,72408
mumu,10,26677
gkeh,2,153580
gkeh,1,169015
gkeh,1,101180
2pop,10,177483
thfl,1,42589
thfl,10,37886
thfl,10,94775
thfl,10,72054
patl,10,161967
ehw2,10,161967
ehw2,10,156464
ehw2,7,164155
ehw2,10,172174
ehw2,8,153675
ehw2,7,157178
ehw2,7,85579
ehw2,1,136845
jesu,10,177483
jesu,8,127346
jesu,10,130989
xide,6,161967
zai0,10,11001
zai0,10,136900
zai0,1,125488
zai0,10,50498
zai0,8,30343
zai0,10,66728
zai0,8,167651
zai0,10,125473
zai0,10,151153
zai0,10,98438
zai0,10,37880
zai0,10,19503
zai0,8,136898
zai0,10,151728
zai0,8,125444
zai0,10,134898
zai0,10,127383
zai0,10,45668
zai0,10,10003
zai0,10,10002
zai0,10,10016
zai0,10,31925
zai0,10,116866
zai0,10,62249
zai0,10,164932
zai0,10,135874
zai0,10,25906
zai0,9,140695
zai0,7,113344
zai0,10,129406
zai0,10,18563
zai0,10,39756
zai0,10,143495
zai0,10,136687
zai0,1,121788
zai0,10,120123
zai0,10,122489
zai0,7,74866
zai0,10,127363
zai0,10,130786
zai0,10,51143
zai0,10,76445
zai0,7,67786
zai0,10,125421
zai0,10,18847
zai0,7,109960
zai0,8,115977
zai0,8,118365
zai0,10,45290
zai0,10,37439
zai0,10,123300
zai0,10,100072
zai0,10,101953
zai0,1,106539
zai0,5,47036
zai0,10,119294
zai0,10,69956
zai0,10,119966
zai0,10,45715
zai0,10,83893
zai0,10,10009
zai0,10,95251
zai0,10,58155
zai0,10,102817
zai0,10,18610
zai0,10,107960
zai0,10,98146
zai0,10,36944
zai0,10,18051
zai0,10,114142
zai0,10,10008
zai0,10,31913
zai0,10,17199
zai0,10,75451
zai0,10,70254
zai0,1,92575
zai0,10,77039
zai0,10,48669
zai0,10,78790
zai0,10,78837
zai0,9,78331
zai0,10,76972
zai0,10,39569
gjk1,10,161967
gjk1,10,146524
gjk1,6,167638
gjk1,1,156464
gjk1,7,167105
gjk1,1,140652
gjk1,9,164106
gjk1,6,172425
gjk1,10,167697
gjk1,1,153687
gjk1,10,175322
gjk1,10,134859
gjk1,1,168017
gjk1,10,85579
gjk1,1,159862
gjk1,10,154183
gjk1,8,149747
gjk1,10,155256
gjk1,6,135874
gjk1,10,33096
gjk1,1,136872
gjk1,10,127382
gjk1,10,142625
gjk1,10,35282
gjk1,10,136868
gjk1,1,134963
gjk1,1,141411
gjk1,10,114142
gjk1,1,139613
gjk1,10,102817
gjk1,2,130903
gjk1,2,128258
gjk1,10,129050
gjk1,9,51317
gjk1,1,108225
gjk1,1,103535
gjk1,10,89606
gjk1,9,88669
gjk1,7,88253
gjk1,6,86197
gjk1,1,73418
gjk1,8,94775
gjk1,10,89218
gjk1,9,83893
gjk1,10,93090
gjk1,9,83741
gjk1,6,35623
gjk1,10,51957
gjk1,10,88489
gjk1,10,78726
gjk1,8,71139
gjk1,10,43205
gjk1,10,70910
gjk1,10,79557
sohy,8,161967
sohy,10,150376
sohy,10,123268
sohy,10,121922
sohy,7,124225
sohy,10,165669
sohy,2,130966
sohy,1,146459
sohy,10,153964
sohy,10,119632
sohy,10,134963
sohy,1,85579
sohy,1,95877
sohy,1,146506
sohy,10,146480
sohy,1,92575
sohy,10,150198
sohy,10,130850
roto,2,61115
roto,10,19522
roto,10,43537
roto,10,74528
roto,1,153580
roto,1,161984
roto,1,159070
roto,10,34093
roto,10,38378
roto,2,164173
roto,2,152344
roto,2,166092
roto,2,157297
roto,2,102953
roto,10,153642
roto,10,158178
roto,2,85578
roto,2,153651
ebc8,1,174065
gglo,10,137327
gglo,10,51708
ldsl,10,163788
ldsl,1,157297
ldsl,10,155716
ldsl,10,142625
ldsl,10,140695
ldsl,10,143456
ldsl,10,70434
ldsl,10,144968
ldsl,10,114282
ldsl,10,119430
ldsl,5,122527
ldsl,10,136876
ldsl,10,75426
ldsl,7,129051
ldsl,10,118917
ldsl,10,72066
ldsl,7,98438
ldsl,10,114249
ldsl,5,102875
ldsl,1,105246
ldsl,10,38738
ldsl,10,45290
ldsl,1,109937
ldsl,10,102817
ldsl,10,82540
ldsl,10,85855
ldsl,5,96327
ldsl,10,60548
ldsl,1,107924
ldsl,10,97858
ldsl,7,92075
ldsl,10,92823
ldsl,7,95876
ldsl,10,85640
ldsl,10,83893
ldsl,3,78726
ldsl,10,72054
ldsl,10,53741
ldsl,10,83883
ldsl,10,35626
ldsl,1,70241
ldsl,10,35090
ldsl,7,72042
ldsl,10,74303
ldsl,10,43681
ldsl,10,70457
ldsl,10,19099
ldsl,10,75724
ldsl,1,76581
ldsl,5,71691
ldsl,6,73317
ldsl,10,16998
ldsl,10,12577
ldsl,10,73114
ldsl,10,72960
ldsl,7,50669
ldsl,10,71509
ldsl,10,17421
ldsl,10,52515
ldsl,10,19469
ldsl,10,68031
ldsl,1,51386
ldsl,10,66803
ldsl,10,71486
ldsl,10,12158
ldsl,10,32681
ldsl,10,69689
ldsl,10,46875
ldsl,10,51689
ldsl,8,69022
ldsl,10,71539
ldsl,10,46489
ldsl,10,53034
ldsl,9,62266
ldsl,10,51132
ldsl,10,49835
ldsl,10,18552
ldsl,10,53350
ldsl,10,49228
ldsl,10,19079
ldsl,10,42690
ldsl,10,47385
ldsl,10,57723
ldsl,7,49483
ldsl,10,59075
ldsl,10,33422
ldsl,10,45942
ldsl,10,39722
ldsl,10,17800
ldsl,10,17744
ldsl,10,17869
ldsl,10,37709
ldsl,10,45298
ldsl,10,38444
ldsl,10,50176
ldsl,10,39654
ldsl,10,68984
ldsl,10,64171
ldsl,10,66584
ldsl,10,65724
ldsl,10,17182
ldsl,10,36505
ldsl,10,17173
ldsl,10,54871
ldsl,10,67785
suha,8,95327
suha,7,180399
suha,8,161967
suha,5,181419
suha,8,153580
suha,6,154668
suha,8,167099
suha,4,164150
suha,3,168049
suha,9,151153
suha,10,167105
suha,10,169015
suha,10,171755
suha,10,164192
suha,8,160375
suha,7,172454
suha,9,132996
suha,1,40041
suha,5,39430
suha,10,109906
suha,10,175322
suha,8,159830
suha,10,144330
suha,9,158178
suha,8,134839
suha,8,154285
suha,10,149504
suha,6,155263
suha,10,158180
suha,1,140806
suha,10,136315
suha,10,165748
suha,9,152616
suha,10,155665
suha,9,85579
suha,10,158191
suha,8,130966
suha,8,155411
suha,9,160399
suha,6,33112
suha,10,129095
suha,5,161242
suha,8,99715
suha,10,140696
suha,5,120581
suha,8,19120
suha,10,151674
suha,9,161850
suha,8,127346
suha,8,123596
suha,7,123276
suha,8,165025
suha,9,146469
suha,10,155716
suha,7,54951
suha,7,70117
suha,8,124013
suha,8,122457
suha,7,130939
suha,8,53741
suha,10,137875
suha,8,124025
suha,9,120165
suha,9,143245
suha,7,148697
suha,10,52526
suha,8,144944
suha,7,28798
suha,8,44911
suha,10,115504
suha,10,142625
suha,10,132933
suha,9,150198
suha,7,86507
suha,7,134873
suha,8,149174
suha,8,97693
suha,4,122195
suha,7,111100
suha,9,141824
suha,8,121051
suha,5,36833
suha,7,114282
suha,7,92415
suha,8,122527
suha,8,77768
suha,10,109910
suha,9,128258
suha,7,112268
suha,9,122120
suha,10,98438
suha,5,80465
suha,6,83482
suha,7,75557
suha,5,90599
suha,10,100990
suha,9,113312
suha,10,128235
suha,5,58541
suha,9,115503
suha,10,96379
suha,7,109753
suha,9,116799
suha,10,96327
suha,8,115433
suha,7,96840
suha,3,86324
suha,1,99155
hanu,10,47414
hanu,10,177967
hanu,10,153580
hanu,10,167699
hanu,10,152344
hanu,1,157297
hanu,10,71509
hanu,2,166610
hanu,10,119428
hanu,10,157178
hanu,10,175322
hanu,10,173653
hanu,10,134898
hanu,10,158180
hanu,2,152168
hanu,9,69023
hanu,10,122133
hanu,10,146544
hanu,10,80629
hanu,10,146459
hanu,9,149174
hanu,10,69986
hanu,7,142822
as20,10,84218
as20,10,153687
kchm,10,172454
kchm,2,177967
kchm,10,127398
kchm,10,49008
kchm,10,136900
kchm,10,130765
kchm,10,19063
kchm,10,38364
kchm,10,163787
kchm,6,163608
kchm,10,106540
kchm,2,173653
kchm,10,17416
kchm,10,35626
kchm,10,75006
kchm,10,10102
kchm,1,137944
asdz,1,47370
asdz,9,16601
asdz,1,113352
asdz,1,149248
asdz,1,44655
asdz,10,113955
asdz,10,45941
asdz,1,36839
asdz,1,31465
asdz,1,174065
asdz,1,167651
asdz,1,94170
asdz,1,180425
asdz,1,136900
asdz,10,13480
asdz,10,39846
asdz,10,90589
asdz,1,159523
asdz,10,68984
asdz,1,24415
asdz,10,71509
asdz,1,151747
asdz,10,92125
asdz,10,29146
asdz,1,31153
asdz,1,181414
asdz,10,143409
asdz,6,109984
asdz,1,146506
asdz,6,137346
asdz,10,156083
asdz,10,129408
asdz,6,134960
asdz,5,102272
asdz,10,125421
asdz,1,122984
asdz,10,115246
asdz,1,58018
asdz,1,109937
asdz,1,119962
asdz,8,53025
asdz,7,66520
asdz,8,76450
asdz,1,115530
asdz,1,10746
asdz,8,93727
asdz,10,63740
asdz,1,62328
asdz,10,70773
asdz,2,81128
asdz,1,83250
asdz,1,74627
akh3,10,136900
akh3,10,167651
akh3,10,151153
akh3,10,156464
akh3,10,164101
akh3,10,119428
akh3,10,136315
akh3,10,171414
akh3,8,164115
akh3,10,167697
akh3,10,163533
akh3,10,132626
wato,10,177483
wato,6,161967
wato,8,174301
wato,8,44913
wato,9,160749
wato,9,129406
wato,10,102934
wato,8,112268
wato,7,86783
wato,8,50407
wato,7,91700
wato,6,98709
wato,9,89636
wato,8,77017
wato,9,88426
wato,2,76581
wato,10,71509
bann,10,161967
igoo,10,168779
azra,10,161967
azra,10,167651
azra,10,151153
azra,8,167697
azra,10,156464
azra,10,145162
azra,9,130966
leer,10,177483
leer,10,163788
leer,10,174065
leer,10,174050
boom,5,132623
boom,5,177967
boom,7,94775
boom,6,168037
boom,10,78726
boom,9,52555
sang,6,95327
sang,10,161967
sang,1,155715
sang,10,86507
sang,1,165748
sang,1,74027
sang,10,10245
sang,10,10012
sang,10,40133
sang,10,174530
sang,10,24660
sang,10,10048
sang,10,121048
sang,10,127397
sang,10,35901
sang,10,136900
sang,10,109984
sang,7,106332
sang,7,116254
sang,10,167651
sang,8,151153
sang,1,163608
sang,10,172425
sang,10,113163
sang,8,129406
sang,10,12482
sang,10,10201
sang,10,32665
sang,10,144215
sang,1,157297
sang,7,166092
sang,10,31267
sang,10,135874
sang,10,156464
sang,10,112082
sang,6,123277
sang,10,127375
sang,10,168050
sang,1,48598
sang,1,106547
sang,10,100647
sang,10,119428
sang,1,120557
sang,10,155356
sang,8,172420
sang,1,130739
sang,10,38281
sang,10,120125
sang,7,168298
sang,7,107373
sang,10,125417
sang,8,103797
sang,8,78621
sang,8,168049
sang,1,155411
sang,8,136687
sang,2,129086
sang,10,39363
sang,8,112268
sang,1,140652
sang,10,76667
sang,10,161850
sang,10,109911
sang,10,116233
sang,10,154222
sang,6,175322
sang,10,144330
sang,10,35187
sang,10,144968
sang,10,10039
sang,10,26348
sang,10,154285
sang,10,144693
sang,10,143932
sang,10,149236
sang,1,125494
sang,10,158610
sang,10,49085
sang,10,151751
sang,10,92069
sang,10,140265
sang,10,168011
sang,10,130765
sang,10,53158
sang,10,136898
sang,10,10040
sang,10,118323
sang,8,152633
sang,10,149504
sang,10,150198
sang,8,137326
sang,1,153651
sang,10,52435
sang,4,92061
sang,10,136869
sang,10,146459
sang,10,158180
sang,7,155665
sang,10,151728
sang,1,152168
sang,10,158191
sang,10,162932
sang,7,153652
sang,10,18988
sang,10,10005
sang,10,145162
sang,8,152385
sang,9,150637
sang,10,153642
sang,10,160749
sang,10,152170
sang,10,125488
sang,1,75397
sang,7,154272
sang,7,80998
sang,10,37038
sang,10,38619
sang,1,117790
sang,10,116866
sang,7,142822
sang,10,72043
sang,10,134898
sang,7,132933
sang,10,74566
sang,10,68073
sang,8,121922
sang,10,130966
sang,9,149747
sang,1,149221
sang,8,142384
sang,10,146469
sang,10,149777
sang,10,155716
sang,5,123630
sang,10,82473
sang,10,127398
sang,10,140731
sang,1,140271
sang,10,117787
sang,7,119412
sang,10,12369
sang,10,40041
sang,7,115642
sang,10,125459
sang,9,102817
sang,8,94767
sang,10,16516
sang,10,97629
sang,8,109960
sang,10,75006
sang,1,74866
sang,10,122489
sang,10,119430
sang,10,122527
sang,10,115622
sang,10,114225
sang,10,92064
sang,10,124212
sang,10,129049
sang,10,127496
sang,10,100072
sang,10,96379
sang,10,69956
sang,6,79102
sang,10,67786
sang,10,95541
sang,10,115977
sang,10,49726
sang,8,109753
sang,10,102272
sang,10,77768
sang,10,109905
sang,10,114249
sang,10,96962
sang,10,81028
sang,10,77039
sang,10,104816
sang,10,96387
sang,10,14450
sang,10,66570
sang,10,123300
sang,10,118958
sang,10,107928
sang,10,38582
sang,9,99797
sang,10,109982
sang,10,97816
sang,8,52553
sang,10,38899
sang,10,118348
sang,10,113377
sang,10,45290
sang,10,85702
sang,7,107960
sang,9,30685
sang,7,66754
sang,6,108225
sang,10,91031
sang,5,100987
sang,10,76020
sang,10,93756
sang,10,99740
sang,9,50932
sang,7,102648
sang,10,109778
sang,1,102824
sang,7,100691
sang,10,10936
sang,9,97693
sang,10,18173
sang,1,72522
sang,9,98467
sang,1,95876
sang,10,90589
sang,8,56247
sang,10,94766
sang,1,117861
sang,8,71943
sang,10,23859
sang,10,87655
sang,10,106540
sang,7,107923
sang,10,94187
sang,10,21610
sang,10,96327
sang,10,101901
sang,10,97858
sang,10,98484
sang,10,91192
sang,10,36484
sang,10,93028
sang,10,100203
sang,7,93728
sang,10,92075
sang,9,74767
sang,10,95873
sang,10,47370
sang,10,36992
sang,10,95877
sang,1,103704
sang,10,10700
sang,8,92047
sang,1,92575
sang,10,87311
sang,6,95503
sang,9,99794
sang,6,62328
sang,10,86867
sang,6,92068
sang,10,74565
sang,10,51777
sang,10,68196
sang,10,90597
sang,10,34416
sang,7,78780
sang,10,85633
sang,10,87565
sang,10,70254
sang,8,72405
sang,10,36351
sang,8,86783
sang,10,73476
sang,1,47384
sang,5,93090
sang,10,78790
sang,10,90834
sang,10,70123
sang,10,19147
sang,10,77566
sang,7,88270
sang,10,88253
sang,10,78331
sang,10,78726
sang,10,72054
sang,7,62274
sang,6,85870
sang,10,72363
sang,9,77128
sang,9,82799
sang,10,87566
sang,8,51807
sang,8,78851
sang,10,39708
sang,10,82540
sang,10,31475
sang,10,75413
sang,9,51786
sang,10,71628
sang,10,73508
sang,10,53372
sang,10,18871
sang,8,76369
sang,8,74627
sang,10,74315
sang,6,75475
sang,7,76972
sang,9,75395
sang,8,74567
sang,8,76295
sang,7,83084
sang,10,76016
sang,9,78161
sang,1,48246
sang,9,72058
sang,6,74799
sang,9,66283
sang,7,53047
sang,5,52525
sang,10,24016
sang,8,44629
sang,9,74632
sang,9,56058
sang,10,45938
sang,10,75471
sang,10,53902
sang,10,70434
sang,10,77125
sang,10,82428
sang,5,79159
sang,8,76348
sang,10,74303
sang,10,17254
sang,10,31906
sang,10,70241
sang,10,17450
sang,10,10004
sang,10,10003
sang,10,10002
sang,10,73301
sang,10,69990
sang,10,76347
sang,9,71546
sang,10,51443
sang,1,33379
sang,10,69989
sang,10,76442
sang,10,79439
sang,10,74309
sang,10,76439
sang,10,25906
sang,8,68437
sang,8,76445
sang,8,76080
sang,10,74879
sang,5,75396
sang,7,47428
sang,10,72327
sang,10,53034
sang,10,52747
sang,8,73344
sang,6,48311
sang,10,19521
sang,10,52103
sang,10,39841
sang,10,75393
sang,10,47531
sang,10,49532
sang,9,17800
sang,8,64686
sang,10,27578
sang,10,17153
sang,10,52120
sang,10,22749
sang,10,19074
sang,10,70427
sang,10,70617
sang,10,71509
sang,10,75724
sang,4,53751
sang,10,18052
sang,7,72648
sang,10,49463
sang,8,66583
sang,10,17903
sang,10,22126
sang,10,75606
sang,10,76581
sang,10,18781
sang,10,19303
sang,10,37974
sang,10,64129
sang,6,35778
sang,7,73193
sang,10,24008
sang,10,66464
sang,10,18050
sang,10,32686
sang,10,39640
sang,8,70396
sang,10,70651
sang,10,62263
sang,10,72408
sang,10,47359
sang,10,75697
sang,8,32680
sang,10,11720
sang,9,74308
sang,10,71790
sang,8,47701
sang,4,72181
sang,8,52541
sang,10,31801
sang,10,73317
sang,10,65998
sang,10,52326
sang,8,73372
sang,10,38488
sang,10,38227
sang,10,67374
sang,8,74094
sang,10,34324
sang,6,51161
sang,7,72080
sang,10,61273
sang,10,50669
sang,10,53308
sang,10,40034
sang,1,73318
sang,10,61115
sang,10,72962
sang,10,51943
sang,1,71499
sang,8,51386
sang,10,66463
sang,4,70117
sang,9,54640
sang,10,52515
sang,10,70457
sang,10,73096
sang,10,72007
sang,8,70922
sang,6,71920
sang,10,72012
sang,10,71486
sang,10,50598
sang,8,71498
sang,10,51918
sang,10,19146
sang,10,70251
sang,10,17343
sang,10,62175
sang,10,53041
sang,10,52757
sang,10,65994
sang,10,71760
sang,9,50498
sang,10,69866
sang,10,47411
sang,8,68984
sang,10,63017
sang,10,50667
sang,10,68498
sang,10,52420
sang,10,49008
sang,1,51959
sang,10,46532
sang,10,52548
sang,8,57829
sang,10,17744
sang,10,69689
sang,9,64161
sang,6,70397
sang,10,57899
sang,8,46875
sang,10,45921
sang,7,69958
sang,8,57950
sang,10,63268
sang,8,67059
sang,8,51082
sang,6,52144
sang,7,51834
sang,6,51076
sang,10,45979
sang,8,53152
sang,6,53785
sang,10,10034
sang,10,10033
sang,10,34521
sang,6,57253
sang,10,70395
sang,8,38455
sang,8,70000
sang,10,19509
sang,6,48600
sang,7,53149
sang,10,51132
sang,10,70469
sang,10,46650
sang,10,62266
sang,10,49835
sang,10,56612
sang,10,53025
sang,10,45942
sang,1,54563
sang,10,54973
sang,10,47036
sang,8,52245
sang,10,31159
sang,8,49483
sang,10,31013
sang,10,24094
sang,10,17970
sang,10,51407
sang,10,47385
sang,10,50621
sang,10,10238
sang,10,12324
sang,10,39744
sang,1,40222
sang,10,17942
sang,1,51856
sang,10,33755
sang,10,68052
sang,10,22080
sang,10,39879
sang,10,61503
sang,6,51306
sang,10,50681
sang,10,50721
sang,4,49852
sang,10,68031
sang,10,58602
sang,10,68089
sang,6,65648
sang,8,50176
sang,10,51781
sang,10,66520
sang,10,10561
sang,10,16877
sang,10,10072
sang,8,58273
sang,10,62789
sang,10,10071
sang,10,69023
sang,4,59845
sang,10,66415
sang,10,17135
sang,10,50869
sang,10,17486
sang,8,68945
sang,10,10278
sang,10,38574
sang,10,66091
sang,8,39723
sang,10,68567
sang,10,58437
sang,10,37709
sang,10,68063
sang,8,64258
sang,10,38197
sang,10,45709
sang,10,68934
sang,1,45888
sang,10,37486
sang,10,58323
sang,10,62560
sang,10,65197
sang,1,50184
sang,9,31310
sang,10,65847
sang,8,66729
sang,10,48602
sang,1,66199
sang,10,51143
sang,10,44477
sang,10,38347
sang,10,65769
sang,10,38444
sang,10,48690
sang,9,38064
sang,10,46494
sang,10,42509
sang,9,45292
sang,6,45941
sang,9,68217
sang,8,69299
sang,10,62422
sang,10,43516
sang,10,65869
sang,10,61823
sang,10,65213
sang,10,33408
sang,1,49525
sang,10,60480
sang,10,36843
sang,10,63148
sang,8,66143
sang,1,45695
sang,10,48074
sang,10,28792
sang,10,45475
sang,10,62249
sang,10,11622
sang,8,66803
sang,7,50704
sang,10,69776
sang,10,28789
sang,8,47407
sang,4,64185
sang,6,44728
sang,7,67785
sang,10,44885
sang,10,63824
sang,10,31913
sang,10,62586
sang,10,66402
sang,10,36853
sang,10,65674
sang,10,31911
sang,10,61029
sang,8,66598
sang,7,57412
sang,6,54411
sang,10,19302
sang,8,66158
sang,10,39652
sang,6,36778
sang,9,65840
sang,8,66510
sang,10,47152
sang,10,37488
sang,9,37487
sang,8,41672
sang,10,36565
sang,8,61698
sang,1,57874
sang,10,56232
sang,10,68046
sang,4,63722
sang,6,64195
sang,8,63918
sang,8,65861
sang,1,66438
sang,8,45129
sang,8,62878
sang,8,47048
sang,10,59075
sang,10,38738
sang,10,35273
sang,10,62167
sang,9,69207
sang,9,36746
sang,1,66487
sang,7,65540
sang,10,17173
sang,6,64994
sang,10,62555
sang,8,65245
sang,10,66751
sang,10,37742
sang,10,28840
sang,10,65090
sang,10,68695
sang,8,64995
sang,10,66102
sang,9,36763
sang,9,34566
sang,10,30897
sang,6,61427
sang,8,19333
sang,10,65991
sang,10,67382
sang,10,10035
sang,8,45535
sang,10,36666
sang,9,34501
sang,10,18847
sang,10,35071
sang,10,31307
sang,8,40101
sang,10,65721
sang,10,25915
sang,1,34210
sang,10,31148
sang,10,39569
sang,2,58018
sang,10,43157
sang,10,16503
sang,10,44529
sang,10,33422
sang,10,48742
sang,10,53813
sang,7,41586
sang,10,57723
sang,10,58085
sang,10,14050
sang,10,58088
sang,10,10111
sang,10,10110
sang,10,18597
yoya,10,161967
sssk,10,95327
sssk,10,37380
sssk,10,93715
sssk,10,39801
sssk,10,118917
sssk,1,181104
sssk,8,49483
sssk,10,140010
sssk,10,38254
sssk,10,10034
sssk,9,99797
sssk,10,25906
sssk,10,127398
sssk,10,77919
sssk,10,31162
sssk,10,57723
sssk,1,152170
sssk,10,165026
sssk,10,13500
sssk,1,137326
sssk,10,70910
sssk,6,155411
sssk,8,153642
sssk,10,161242
sssk,10,137952
sssk,10,17135
sssk,10,24452
sssk,10,131579
sssk,1,126385
kimd,2,161967
msjs,10,161967
qudr,2,180399
gopa,10,163788
gopa,1,134895
gopa,1,136007
gopa,10,112268
gopa,10,47370
gopa,10,62266
yyua,10,47384
yyua,10,146506
babo,1,102953
bjwb,10,161967
artn,10,120165
artn,10,172174
artn,10,109957
artn,10,153642
artn,10,134838
artn,10,159848
artn,10,31153
artn,10,163824
artn,1,151132
artn,10,47048
artn,10,108255
artn,1,177374
artn,9,154272
artn,10,151196
artn,1,181411
artn,10,171539
artn,10,169240
artn,10,19517
artn,10,13155
artn,1,167651
artn,1,119430
artn,1,170879
artn,10,151744
artn,1,140695
artn,10,168049
artn,10,39636
artn,10,37049
artn,1,78726
artn,7,164106
artn,10,18052
artn,1,168298
artn,10,43208
artn,1,50184
artn,1,65669
artn,10,76794
artn,10,38364
artn,10,36342
artn,1,69956
artn,10,163699
artn,10,119632
artn,10,127383
artn,9,175322
artn,10,172420
artn,1,31159
artn,1,149236
artn,1,152625
artn,10,89615
artn,5,139700
artn,10,36581
artn,10,57899
artn,10,30270
artn,10,85705
artn,10,163781
artn,1,154285
artn,10,61101
artn,10,70691
artn,10,15187
artn,10,10670
artn,10,11104
artn,10,31196
artn,10,88399
artn,1,159645
artn,10,143409
artn,10,165751
artn,10,12749
artn,10,31581
artn,1,135874
artn,1,158631
artn,10,45290
artn,10,85870
artn,10,49228
artn,10,37261
artn,10,74627
artn,1,76972
artn,10,19529
artn,10,119294
artn,10,116866
artn,1,10626
artn,10,39405
artn,1,127382
artn,1,74893
artn,10,31269
artn,10,18847
artn,1,154668
artn,1,146480
artn,10,30076
artn,10,65569
artn,10,118347
artn,1,143372
artn,10,143394
artn,1,110379
artn,10,143490
artn,10,99794
artn,1,155256
artn,6,143435
artn,10,143473
artn,10,24194
artn,10,150198
artn,1,152331
artn,10,29756
artn,10,30796
artn,1,44728
artn,10,17173
artn,1,103331
artn,1,95808
artn,1,137887
artn,1,145162
artn,1,142803
artn,10,119510
artn,10,66091
artn,10,16217
artn,10,18827
artn,5,53350
artn,1,142625
artn,1,136835
artn,1,24542
artn,10,116234
artn,1,100691
artn,1,134873
artn,1,130966
artn,10,44920
artn,10,99774
artn,10,62265
artn,10,92069
artn,2,119453
artn,10,57684
artn,10,126389
artn,10,121051
artn,10,87896
artn,10,60484
artn,10,124238
artn,1,100647
artn,10,17170
artn,10,18782
artn,10,127858
artn,10,125411
artn,10,113635
artn,1,102818
artn,10,98432
artn,5,100987
artn,1,112645
artn,1,93739
artn,10,16904
artn,10,94775
artn,1,98146
artn,10,37886
artn,1,61273
artn,8,66283
artn,1,76369
artn,10,76016
artn,1,76460
artn,1,78161
artn,1,68437
artn,1,71769
artn,10,72058
artn,6,17946
artn,1,75218
artn,10,70562
artn,10,52777
artn,1,70883
artn,6,74309
artn,10,10688
artn,10,72408
artn,1,76458
artn,1,61115
artn,10,53751
artn,6,52757
artn,10,71509
artn,10,31475
artn,5,42792
artn,8,64170
artn,1,49008
artn,10,53034
artn,1,70399
artn,1,71943
artn,10,53037
artn,1,54640
artn,10,69998
artn,1,52530
artn,1,69958
artn,1,53041
artn,10,52435
artn,1,63403
artn,10,45298
artn,1,29059
artn,8,49957
artn,1,47229
artn,1,50583
artn,10,68984
artn,1,51306
artn,10,68555
artn,1,65958
sugo,10,161967
sugo,10,146469
sugo,10,150198
sugo,10,121788
sugo,10,93756
sugo,9,103178
sugo,10,93005
sugo,10,22126
sugo,10,51386
sugo,7,62638
sohe,10,161967
sohe,10,144906
sohe,1,137008
sohe,9,135843
sohe,10,96959
sohe,10,87309
sohe,10,68435
grea,5,174065
grea,10,171539
grea,5,167629
grea,9,169078
grea,10,92125
grea,10,151153
grea,8,167638
grea,8,179303
grea,9,153687
grea,10,154222
grea,10,175322
grea,10,144330
grea,8,159877
grea,10,136315
grea,10,158191
grea,8,158180
grea,9,155665
grea,9,116866
grea,10,106360
grea,10,32610
grea,7,146524
grea,8,144280
grea,9,130849
grea,10,122527
grea,8,92003
grea,8,93756
grea,9,90589
grea,6,107961
grea,7,108225
grea,8,94766
grea,8,98484
grea,5,110332
grea,7,106547
grea,2,64194
grea,10,94775
grea,4,80664
grea,4,83084
grea,9,75401
grea,7,63513
grea,10,39569
zero,10,69989
zero,10,152385
zero,10,171415
zero,10,162824
zero,1,129012
zero,10,102817
toyc,7,177483
toyc,8,91391
toyc,4,167651
toyc,6,164106
toyc,8,142739
toyc,8,163842
toyc,7,172010
toyc,8,152680
toyc,7,72562
toyc,8,102272
toyc,8,129406
toyc,5,115977
toyc,10,37886
toyc,1,96969
toyc,8,93090
toyc,9,76048
toyc,7,27103
toyc,9,76016
toyc,6,39841
toyc,8,38880
toyc,2,53941
lucy,9,163788
lucy,6,164200
lucy,10,132623
lucy,9,66728
lucy,10,136315
lucy,10,136898
lucy,10,121051
lucy,10,83084
hall,10,177483
hall,1,56612
hall,10,157297
hall,10,44913
hall,10,145816
imag,10,161967
imag,9,181409
imag,9,52429
imag,1,181003
imag,1,173884
imag,6,174835
imag,8,144266
imag,7,164106
imag,8,132996
imag,10,155356
imag,10,146489
imag,9,95327
imag,10,37886
imag,1,174447
imag,10,118348
imag,10,51161
imag,10,173653
imag,3,153651
imag,10,158191
imag,10,68086
imag,10,153652
imag,10,146469
imag,9,152170
imag,1,142822
imag,10,165461
imag,10,162824
imag,10,151674
imag,1,146506
imag,10,146480
imag,10,143435
imag,4,123630
imag,10,162471
imag,7,146544
imag,10,134963
imag,10,143495
imag,1,133129
imag,4,122195
imag,8,109902
imag,10,137952
imag,10,125414
imag,7,94767
imag,9,139700
imag,9,133437
imag,8,122527
imag,7,124025
imag,10,17170
imag,10,134856
imag,1,136824
imag,7,122473
imag,9,143339
imag,9,129072
imag,1,137872
imag,5,145418
imag,1,100150
imag,5,140011
imag,10,124212
imag,10,127496
imag,7,128392
imag,9,124238
imag,10,147001
imag,7,100647
imag,5,133387
imag,9,140805
imag,10,130341
imag,6,131388
imag,10,78331
imag,8,136611
imag,10,121788
imag,7,136007
imag,6,125484
imag,10,119440
imag,10,121922
imag,1,129050
imag,10,129408
imag,10,38357
imag,10,129406
imag,10,81890
imag,10,10119
imag,10,118323
imag,10,133402
imag,7,121048
imag,5,130787
imag,9,93218
imag,1,136832
imag,10,134133
imag,9,130346
imag,6,87276
imag,9,92536
imag,9,104009
imag,9,61706
imag,10,72362
imag,10,94897
imag,8,122120
imag,10,136034
imag,1,120123
imag,10,114293
imag,10,113348
imag,10,117789
imag,8,118361
imag,10,37951
imag,8,45715
imag,4,100015
jump,10,177483
bs07,10,163788
bs07,10,70910
bs07,10,143394
bs07,10,146469
bs07,10,125473
bs07,10,99715
bs07,10,114282
bs07,7,45290
bs07,10,99740
bs07,10,115462
bs07,10,36865
bs07,10,82436
bs07,10,68196
bs07,10,51708
bs07,10,71628
bs07,6,71768
bs07,6,68437
bs07,10,57897
bs07,10,76445
bs07,10,14012
bs07,9,10253
bs07,10,69994
bs07,10,68984
bs07,10,64129
bs07,10,47036
bs07,5,49475
bs07,4,66962
bs07,10,49727
bs07,10,17191
bs07,10,50681
bs07,10,37461
bs07,5,68944
bs07,8,36337
bs07,4,65674
bs07,10,58437
bs07,7,64920
bs07,6,44885
bs07,10,66510
bs07,7,40552
bs07,10,39576
bs07,10,58088
bs07,10,39841
bs07,10,10600
bs07,1,38449
bs07,9,10116
bs07,10,26677
bs07,6,40140
bs07,10,38888
bs07,10,39786
bs07,10,38908
bs07,10,10200
bs07,10,29103
bs07,10,10636
bs07,10,35624
bs07,10,31162
bs07,10,10217
bs07,10,10018
bs07,10,17543
bs07,10,39506
bs07,10,37743
bs07,10,25578
bs07,10,34324
bs07,10,18801
bs07,10,38804
bs07,10,12051
reds,8,161967
reds,6,168298
reds,1,140649
reds,10,20308
reds,1,174835
reds,10,163060
reds,1,163533
reds,10,167697
reds,10,159516
reds,9,146480
reds,10,150198
reds,10,149777
reds,1,130966
reds,10,33410
reds,1,106361
reds,10,140265
reds,8,129072
reds,7,127496
reds,1,129050
reds,7,121048
reds,9,95541
reds,10,10200
reds,7,102272
reds,7,116234
reds,7,94112
reds,6,97816
reds,8,97696
reds,7,76580
reds,7,96379
reds,8,93933
reds,5,89873
reds,6,98146
reds,7,39516
reds,1,96959
reds,1,91073
reds,1,83250
reds,1,92599
reds,10,18597
reds,10,53781
reds,1,52326
reds,1,51076
reds,1,65902
ykm3,1,137938
ykm3,3,145162
ykm3,8,86343
ykm3,8,127459
ykm3,8,127767
ykm3,10,153729
ykm3,10,98438
ykm3,8,152680
ykm3,9,125466
ykm3,3,127382
ykm3,3,158178
ykm3,10,45290
ykm3,8,12056
ykm3,10,87309
ykm3,3,143932
ykm3,3,157795
ykm3,3,163842
ykm3,2,152249
ykm3,1,148996
ykm3,8,149757
ykm3,5,154272
ykm3,8,156912
ykm3,6,163386
ykm3,6,161242
ykm3,3,137970
ykm3,6,127374
ykm3,5,151132
ykm3,2,123630
ykm3,10,150376
ykm3,9,125459
ykm3,6,122527
ykm3,8,129383
ykm3,1,146316
ykm3,2,119453
ykm3,9,145312
ykm3,3,118967
ykm3,9,136842
ykm3,2,124031
ykm3,6,137349
ykm3,3,138256
ykm3,10,77768
ykm3,10,121788
ykm3,10,12993
ykm3,2,129408
ykm3,2,105015
ykm3,10,18285
ykm3,3,97816
ykm3,2,74566
ykm3,10,68073
ykm3,8,92549
ykm3,10,72363
ykm3,3,107960
ykm3,2,45715
ykm3,2,100691
ykm3,10,25906
ykm3,10,32240
ykm3,10,31162
ykm3,10,70615
ykm3,2,70000
ykm3,2,113353
ykm3,3,91192
ykm3,2,98484
ykm3,2,73600
ykm3,1,117256
ykm3,3,36484
ykm3,8,62175
ykm3,9,31913
ykm3,9,18037
ykm3,9,38083
ykm3,2,72042
ykm3,8,29059
ykm3,2,68437
ykm3,8,32588
ykm3,6,38901
ykm3,2,53751
ykm3,6,51443
ykm3,7,42810
ykm3,7,49475
ykm3,7,36044
ykm3,7,65908
ykm3,9,37488
ykm3,9,37487
ykm3,10,36565
ykm3,10,13234
ykm3,6,27564
ykm3,2,72065
ykm3,3,37489
ykm3,10,37936
ykm3,8,76452
ykm3,10,43208
ykm3,8,31282
ykm3,2,80707
ykm3,8,19063
ykm3,6,61450
ykm3,8,33457
ykm3,8,17450
ykm3,10,33062
ykm3,3,30688
ykm3,3,62560
ykm3,2,33259
ykm3,3,52972
ykm3,8,57684
ykm3,8,64242
ykm3,10,10936
ykm3,8,22126
ykm3,8,35878
ykm3,8,31272
ykm3,10,38574
ykm3,3,85705
ykm3,3,56220
ykm3,9,24452
ykm3,5,35110
ykm3,5,29550
ykm3,3,36746
ykm3,3,38883
ykm3,8,35626
ykm3,10,34522
ykm3,2,17787
ykm3,3,49228
ykm3,10,35733
ykm3,10,10504
ykm3,8,18563
ykm3,9,65769
ykm3,3,30685
ykm3,6,37493
ykm3,8,13244
ykm3,3,62249
ykm3,3,18814
ykm3,9,35187
ykm3,3,91696
ykm3,3,60488
ykm3,9,32723
ykm3,6,36857
ykm3,3,94289
ykm3,2,93089
ykm3,2,66102
ykm3,2,29219
ykm3,6,38823
ykm3,3,98430
ykm3,2,99794
ykm3,8,17541
ykm3,9,87566
ykm3,9,17063
ykm3,9,17098
ykm3,7,63879
ykm3,9,43502
ykm3,7,70469
ykm3,9,38908
ykm3,8,89755
ykm3,3,52744
ykm3,9,54290
ykm3,8,11088
ykm3,3,36678
ykm3,3,38488
ykm3,3,65994
ykm3,8,49336
ykm3,8,29217
ykm3,6,33410
ykm3,5,70392
ykm3,5,72075
ykm3,3,38227
ykm3,3,68944
ykm3,2,64191
ykm3,4,31267
ykm3,1,76445
ykm3,3,72327
ykm3,3,72405
ykm3,2,36944
ykm3,2,52515
ykm3,2,78790
ykm3,2,97672
ykm3,2,91031
ykm3,2,17758
ykm3,2,34186
ykm3,2,83865
ykm3,8,39464
ykm3,9,12886
ykm3,8,44994
ykm3,3,66962
ykm3,6,83893
ykm3,3,11082
ykm3,2,89873
ykm3,1,78720
ykm3,1,83741
ykm3,2,89867
ykm3,1,85839
ykm3,10,87571
ykm3,3,37853
ykm3,2,88426
ykm3,6,78331
ykm3,3,89361
ykm3,3,92471
ykm3,10,17440
ykm3,2,88258
ykm3,3,78726
ykm3,2,66283
ykm3,2,88295
ykm3,8,82262
ykm3,3,36841
ykm3,9,84841
ykm3,6,26627
ykm3,3,76441
ykm3,3,44922
ykm3,4,33759
ykm3,9,36763
ykm3,2,80632
ykm3,8,58437
ykm3,1,44449
ykm3,2,72076
ykm3,3,78160
ykm3,2,35973
ykm3,2,34001
ykm3,3,88489
ykm3,2,82799
ykm3,4,86158
ykm3,2,69994
ykm3,2,76460
ykm3,7,53441
ykm3,2,36638
ykm3,2,32972
ykm3,9,42795
ykm3,3,73508
ykm3,3,89615
ykm3,2,83268
ykm3,2,75413
ykm3,4,18352
ykm3,2,82540
ykm3,2,73108
ykm3,4,76626
ykm3,3,53746
ykm3,2,49302
ykm3,8,76972
ykm3,4,80629
ykm3,3,58015
ykm3,3,74627
ykm3,4,80866
ykm3,2,72181
ykm3,9,63845
ykm3,3,77039
ykm3,6,76439
ykm3,6,52463
ykm3,10,82428
ykm3,2,69102
ykm3,9,63908
ykm3,10,10117
ykm3,2,79762
ykm3,4,82142
ykm3,2,76295
ykm3,9,80628
ykm3,6,78070
ykm3,10,17170
ykm3,2,79557
ykm3,10,57899
ykm3,4,30861
ykm3,10,39636
ykm3,10,71438
ykm3,6,70241
ykm3,3,82390
ykm3,2,74629
ykm3,2,69989
ykm3,8,39908
ykm3,9,34486
ykm3,4,78218
ykm3,2,75451
ykm3,4,76966
ykm3,9,74632
ykm3,6,76459
ykm3,9,37409
ykm3,2,72441
ykm3,9,46415
ykm3,2,74303
ykm3,2,78681
ykm3,2,80626
ykm3,8,64686
ykm3,10,68567
ykm3,2,32686
ykm3,10,71422
ykm3,2,63027
ykm3,6,51449
ykm3,9,10275
ykm3,9,19303
ykm3,10,39640
ykm3,4,76451
ykm3,8,19108
ykm3,4,76014
ykm3,4,71151
ykm3,2,83171
ykm3,2,79439
ykm3,2,39399
ykm3,6,36410
ykm3,2,73918
ykm3,1,54678
ykm3,2,73158
ykm3,4,72058
ykm3,2,76103
ykm3,4,65721
ykm3,4,38686
ykm3,4,77764
ykm3,6,64192
ykm3,2,36959
ykm3,8,52747
ykm3,9,51172
ykm3,4,71769
ykm3,6,72242
ykm3,2,75237
ykm3,10,10185
ykm3,6,73402
ykm3,8,75393
ykm3,4,75390
ykm3,2,74308
ykm3,4,73396
ykm3,10,10138
ykm3,2,10230
ykm3,10,10200
ykm3,10,10028
ykm3,9,10636
ykm3,6,14360
ykm3,10,10104
ykm3,9,10282
ykm3,10,71546
ykm3,10,10489
ykm3,9,10630
ykm3,2,75400
ykm3,10,17964
ykm3,2,13957
ykm3,2,71987
ykm3,2,23849
ykm3,2,17685
ykm3,9,47411
ykm3,4,24925
ykm3,4,76037
ykm3,4,72066
ykm3,4,65861
ykm3,10,10278
ykm3,4,61115
ykm3,7,27770
ykm3,10,38835
ykm3,8,12924
ykm3,2,71509
ykm3,10,14802
ykm3,2,36676
ykm3,2,35839
ykm3,10,17945
ykm3,9,11153
ykm3,10,19147
ykm3,2,12918
ykm3,6,10241
ykm3,2,72962
ykm3,6,65815
ykm3,2,35554
ykm3,2,18730
ykm3,2,39545
ykm3,8,50721
ykm3,4,76695
ykm3,8,16601
ykm3,4,72408
ykm3,8,37742
ykm3,9,16466
ykm3,4,78155
ykm3,2,32126
ykm3,2,19503
ykm3,2,71790
ykm3,2,66050
ykm3,9,76143
ykm3,4,38930
ykm3,2,13109
ykm3,9,66037
ykm3,4,30854
ykm3,2,72543
ykm3,2,71487
ykm3,2,73372
ykm3,2,24602
ykm3,10,48191
ykm3,9,46410
ykm3,2,53825
ykm3,10,35297
ykm3,10,34514
ykm3,8,21365
ykm3,10,47701
ykm3,10,10006
ykm3,10,31796
ykm3,9,70617
ykm3,4,51943
ykm3,4,75693
ykm3,10,17111
ykm3,2,75016
ykm3,10,31795
ykm3,10,31794
ykm3,10,62266
ykm3,10,24666
ykm3,8,51083
ykm3,2,45919
ykm3,2,61706
ykm3,10,66570
ykm3,2,53785
ykm3,8,49957
ykm3,4,50669
ykm3,4,12072
ykm3,2,14377
ykm3,8,10596
ykm3,8,36529
ykm3,8,74094
ykm3,2,44885
ykm3,2,69945
ykm3,2,67374
ykm3,10,62274
ykm3,1,70457
ykm3,4,34572
ykm3,4,70463
ykm3,10,11003
ykm3,2,57489
ykm3,2,53037
ykm3,2,37151
ykm3,7,31465
ykm3,2,27350
ykm3,10,72007
ykm3,10,33158
ykm3,2,70117
ykm3,2,38880
ykm3,10,31901
ykm3,4,46763
ykm3,6,49945
ykm3,2,66361
ykm3,7,61428
ykm3,8,70651
ykm3,4,70121
ykm3,2,51690
ykm3,9,64995
ykm3,10,65967
ykm3,10,47550
ykm3,10,29285
ykm3,2,39571
ykm3,2,45774
ykm3,8,38699
ykm3,2,50598
ykm3,2,74869
ykm3,9,72085
ykm3,2,70564
ykm3,2,37248
ykm3,2,38197
ykm3,7,54640
ykm3,2,71943
ykm3,9,52425
ykm3,10,36609
ykm3,2,71920
ykm3,10,71539
ykm3,2,66143
ykm3,2,44111
ykm3,2,11199
ykm3,10,38064
ykm3,4,50163
ykm3,2,34456
ykm3,10,73398
ykm3,10,47381
ykm3,2,50218
ykm3,2,75606
ykm3,4,46875
ykm3,2,65540
ykm3,2,70910
ykm3,9,19086
ykm3,10,71975
ykm3,9,50583
ykm3,9,66144
ykm3,2,71932
ykm3,10,39584
ykm3,8,31310
ykm3,2,45130
ykm3,8,38899
ykm3,8,17942
ykm3,9,10767
ykm3,8,31148
ykm3,2,53158
ykm3,2,52757
ykm3,8,68031
ykm3,10,18871
ykm3,2,66317
ykm3,2,43151
ykm3,7,49835
ykm3,2,52548
ykm3,10,31827
ykm3,8,18046
ykm3,2,60526
ykm3,2,71760
ykm3,10,50498
ykm3,2,71761
ykm3,9,71081
ykm3,9,52528
ykm3,2,43609
ykm3,2,70773
ykm3,8,69866
ykm3,10,37686
ykm3,9,47425
ykm3,10,17967
ykm3,4,52075
ykm3,9,38338
ykm3,10,57997
ykm3,10,27264
ykm3,10,58287
ykm3,10,52775
ykm3,10,36337
ykm3,9,27260
ykm3,9,66158
ykm3,9,31066
ykm3,7,53152
ykm3,9,52794
ykm3,6,68563
ykm3,4,19343
ykm3,10,65998
ykm3,8,38444
ykm3,9,31231
ykm3,10,58072
ykm3,10,31788
ykm3,10,31917
ykm3,8,31565
ykm3,2,74123
ykm3,2,53350
ykm3,9,69689
ykm3,2,55405
ykm3,2,48227
ykm3,2,39397
ykm3,4,51132
ykm3,4,71073
ykm3,6,31456
ykm3,7,52979
ykm3,4,53148
ykm3,2,51856
ykm3,1,42589
ykm3,1,36619
ykm3,10,18827
ykm3,9,70531
ykm3,1,49463
ykm3,6,45944
ykm3,10,10448
ykm3,6,47036
ykm3,10,32593
ykm3,2,17802
ykm3,10,56058
ykm3,2,36651
ykm3,2,47385
ykm3,2,51317
ykm3,2,37951
ykm3,10,70251
ykm3,2,49727
ykm3,10,63403
ykm3,10,10250
ykm3,2,48600
ykm3,9,16830
ykm3,9,31939
ykm3,10,36742
ykm3,10,10710
ykm3,2,52245
ykm3,10,17800
ykm3,10,53902
ykm3,2,37465
ykm3,2,53149
ykm3,6,36174
ykm3,9,64170
ykm3,2,61698
ykm3,10,26677
ykm3,1,50785
ykm3,9,49948
ykm3,10,48310
ykm3,1,36506
ykm3,6,69337
ykm3,1,10962
ykm3,9,38318
ykm3,1,54704
ykm3,1,64961
ykm3,10,37937
ykm3,10,39360
ykm3,10,44982
ykm3,10,39750
ykm3,9,66520
ykm3,5,18595
ykm3,10,38849
ykm3,9,38420
ykm3,2,45253
ykm3,9,52526
ykm3,5,60296
ykm3,9,16220
ykm3,9,17264
ykm3,9,26112
ykm3,1,36843
ykm3,9,17327
ykm3,8,45979
ykm3,9,33048
ykm3,1,65869
ykm3,8,68052
ykm3,1,38319
ykm3,10,57488
ykm3,10,31108
ykm3,1,37386
ykm3,8,12693
ykm3,9,36321
ykm3,1,52435
ykm3,1,68537
ykm3,10,39894
ykm3,1,19521
ykm3,9,39841
ykm3,8,68217
ykm3,1,39482
ykm3,9,32610
ykm3,1,36839
ykm3,9,64129
ykm3,1,44910
ykm3,9,58333
ykm3,3,52449
ykm3,6,65117
ykm3,8,19529
ykm3,1,66834
ykm3,7,51781
ykm3,10,60753
ykm3,1,51082
ykm3,7,52524
ykm3,1,45321
ykm3,6,52307
ykm3,10,39516
ykm3,10,65093
ykm3,1,50672
ykm3,9,61101
ykm3,2,49637
ykm3,1,69944
ykm3,8,50176
ykm3,1,66686
ykm3,1,66729
ykm3,1,50681
ykm3,10,67696
ykm3,9,38364
ykm3,1,45719
ykm3,1,47229
ykm3,9,46804
ykm3,10,36798
ykm3,1,65021
ykm3,10,69105
ykm3,6,38572
ykm3,10,36799
ykm3,8,65473
ykm3,10,15214
ykm3,8,65521
ykm3,8,47088
ykm3,10,39440
ykm3,1,24008
ykm3,7,46869
ykm3,1,38546
ykm3,8,69024
ykm3,1,50869
ykm3,1,60510
ykm3,1,34497
ykm3,10,43679
ykm3,10,43678
ykm3,10,37148
ykm3,9,47587
ykm3,10,62878
ykm3,10,48690
ykm3,1,49783
ykm3,1,66939
ykm3,10,68984
ykm3,10,31906
ykm3,2,45292
ykm3,9,51282
ykm3,1,64080
ykm3,10,38547
ykm3,1,61848
ykm3,10,39804
ykm3,10,29571
ykm3,10,39705
ykm3,10,39708
ykm3,8,45232
ykm3,9,50724
ykm3,8,65968
ykm3,8,40194
ykm3,5,67533
ykm3,10,37886
ykm3,8,52051
ykm3,9,68498
ykm3,4,36342
ykm3,6,50407
ykm3,9,66440
ykm3,9,62263
ykm3,10,51579
ykm3,10,63379
ykm3,7,47407
ykm3,8,65902
ykm3,8,68071
ykm3,8,38582
ykm3,10,66091
ykm3,10,63513
ykm3,9,37758
ykm3,10,40041
ykm3,7,11206
ykm3,10,56055
ykm3,10,38091
ykm3,10,61845
ykm3,8,57971
ykm3,8,38461
ykm3,10,18875
ykm3,1,63850
ykm3,1,19061
ykm3,10,45475
ykm3,9,47152
jjo2,10,161967
jjo2,8,136900
jjo2,3,149747
jjo2,9,149777
jjo2,1,134963
jjo2,4,125459
jjo2,10,130966
tsp0,5,52757
tsp0,7,163788
tsp0,6,106540
tsp0,6,82540
tsp0,6,73477
tsp0,8,177967
tsp0,4,69040
tsp0,4,142632
tsp0,2,174065
tsp0,4,175366
tsp0,8,92125
tsp0,5,116234
tsp0,5,90591
tsp0,6,92067
tsp0,8,136900
tsp0,6,109642
tsp0,5,38908
tsp0,6,152625
tsp0,6,65090
tsp0,5,66520
tsp0,7,113344
tsp0,2,180381
tsp0,5,174050
tsp0,4,64242
tsp0,7,107928
tsp0,4,163608
tsp0,6,148996
tsp0,6,72012
tsp0,6,167651
tsp0,8,51777
tsp0,4,69689
tsp0,6,79770
tsp0,4,75471
tsp0,8,149777
tsp0,1,159070
tsp0,8,159516
tsp0,7,109984
tsp0,4,167099
tsp0,8,177374
tsp0,6,164172
tsp0,7,84414
tsp0,5,113635
tsp0,6,71539
tsp0,8,58072
tsp0,5,82473
tsp0,6,154272
tsp0,8,97696
tsp0,7,98484
tsp0,6,51781
tsp0,4,44920
tsp0,6,38338
tsp0,6,67195
tsp0,5,143456
tsp0,6,157297
tsp0,6,66584
tsp0,8,45298
tsp0,8,38227
tsp0,8,64126
tsp0,6,154598
tsp0,7,62727
tsp0,7,144968
tsp0,8,156464
tsp0,7,151196
tsp0,8,65769
tsp0,8,62265
tsp0,2,168058
tsp0,6,167105
tsp0,4,155411
tsp0,1,92526
tsp0,6,122120
tsp0,8,163533
tsp0,1,172010
tsp0,7,140652
tsp0,6,160375
tsp0,3,169015
tsp0,7,154222
tsp0,2,109906
tsp0,8,66381
tsp0,7,144330
tsp0,6,175322
tsp0,7,153675
tsp0,8,143416
tsp0,6,82283
tsp0,7,158178
tsp0,7,171822
tsp0,6,149236
tsp0,5,52972
tsp0,8,136315
tsp0,4,151241
tsp0,1,142739
tsp0,7,154667
tsp0,6,92064
tsp0,8,168298
tsp0,6,74610
tsp0,4,88461
tsp0,7,41672
tsp0,7,151752
tsp0,6,165026
tsp0,6,154449
tsp0,6,118955
tsp0,4,159805
tsp0,4,165748
tsp0,6,137326
tsp0,2,158112
tsp0,2,153651
tsp0,6,152249
tsp0,6,149248
tsp0,4,158180
tsp0,6,149504
tsp0,7,155665
tsp0,6,160399
tsp0,7,152385
tsp0,8,66091
tsp0,9,149147
tsp0,7,68086
tsp0,7,125459
tsp0,7,150637
tsp0,6,134898
tsp0,8,149747
tsp0,8,161242
tsp0,7,136893
tsp0,8,157178
tsp0,8,159830
tsp0,8,162932
tsp0,8,161850
tsp0,7,137890
tsp0,6,152170
tsp0,8,153652
tsp0,8,146469
tsp0,6,135874
tsp0,6,146480
tsp0,8,146506
tsp0,6,155256
tsp0,7,146524
tsp0,6,140731
tsp0,5,146544
tsp0,6,149512
tsp0,4,136872
tsp0,3,152331
tsp0,6,144927
tsp0,7,136869
tsp0,5,144314
tsp0,7,142384
tsp0,9,150198
tsp0,6,145162
tsp0,9,145292
tsp0,7,132933
tsp0,7,142803
tsp0,6,115642
tsp0,8,146512
tsp0,8,140695
tsp0,7,144944
tsp0,5,44913
tsp0,7,136835
tsp0,5,137952
tsp0,7,130966
tsp0,8,141104
tsp0,6,94767
tsp0,7,142822
tsp0,7,107373
tsp0,6,95541
tsp0,4,129406
tsp0,5,150073
tsp0,5,129050
tsp0,5,129394
tsp0,5,143007
tsp0,6,97857
tsp0,8,91031
tsp0,6,130720
tsp0,6,77566
tsp0,6,47229
tsp0,6,92047
tsp0,5,115504
tsp0,4,122527
tsp0,4,17327
tsp0,2,70994
tsp0,2,42117
tsp0,7,118917
tsp0,8,130903
tsp0,6,62285
tsp0,8,17170
tsp0,7,118950
tsp0,7,37488
tsp0,7,37487
tsp0,9,36565
tsp0,9,75413
tsp0,8,70651
tsp0,8,10132
tsp0,7,34010
tsp0,8,10173
tsp0,8,129049
tsp0,7,17997
tsp0,8,100647
tsp0,8,121788
tsp0,7,102309
tsp0,7,39043
tsp0,8,17773
tsp0,7,17150
tsp0,7,129051
tsp0,6,95873
tsp0,8,96372
tsp0,7,39516
tsp0,7,124201
tsp0,6,88669
tsp0,8,52548
tsp0,7,51282
tsp0,7,98438
tsp0,8,96327
tsp0,6,121048
tsp0,8,115977
tsp0,6,137764
tsp0,9,137757
tsp0,7,127950
tsp0,8,122561
tsp0,7,113348
tsp0,7,67786
tsp0,7,122559
tsp0,8,102272
tsp0,7,109905
tsp0,6,74893
tsp0,4,114277
tsp0,6,136941
tsp0,7,134193
tsp0,7,129392
tsp0,6,123277
tsp0,8,102875
tsp0,4,74027
tsp0,7,114249
tsp0,4,103760
tsp0,8,127841
tsp0,7,120525
tsp0,8,119951
tsp0,7,106518
tsp0,8,103660
tsp0,7,118455
tsp0,6,130793
tsp0,8,96379
tsp0,6,116938
tsp0,8,124234
tsp0,7,93756
tsp0,7,92069
tsp0,8,45290
tsp0,9,122671
tsp0,8,105015
tsp0,3,113312
tsp0,8,109778
tsp0,8,119954
tsp0,7,102817
tsp0,7,90589
tsp0,8,101901
tsp0,8,99740
tsp0,8,92075
tsp0,7,99714
tsp0,8,111192
tsp0,4,85857
tsp0,5,98467
tsp0,8,106599
tsp0,7,93028
tsp0,6,95515
tsp0,8,47370
tsp0,1,111106
tsp0,3,115465
tsp0,4,106578
tsp0,4,115405
tsp0,3,111897
tsp0,3,112664
tsp0,7,98970
tsp0,1,102824
tsp0,9,106598
tsp0,1,93728
tsp0,8,99794
tsp0,4,42810
tsp0,8,92011
tsp0,7,74565
tsp0,7,98146
tsp0,4,47384
tsp0,7,78790
tsp0,8,62328
tsp0,7,92575
tsp0,9,105579
tsp0,7,99773
tsp0,7,91696
tsp0,6,105501
tsp0,7,96911
tsp0,5,68196
tsp0,6,105005
tsp0,8,93088
tsp0,6,93654
tsp0,5,103386
tsp0,7,49008
tsp0,6,98173
tsp0,6,98169
tsp0,6,89636
tsp0,6,100399
tsp0,6,103602
tsp0,8,83250
tsp0,8,98141
tsp0,7,99632
tsp0,6,89218
tsp0,3,102128
tsp0,2,90885
tsp0,8,76711
tsp0,8,94775
tsp0,10,102859
tsp0,2,86279
tsp0,5,91073
tsp0,3,95263
tsp0,1,100825
tsp0,5,30076
tsp0,8,74771
tsp0,8,54269
tsp0,8,91045
tsp0,8,72054
tsp0,1,81316
tsp0,6,68073
tsp0,4,98125
tsp0,8,82350
tsp0,8,93750
tsp0,8,86276
tsp0,4,86888
tsp0,8,94777
tsp0,8,83893
tsp0,5,13995
tsp0,7,98130
tsp0,7,73376
tsp0,10,89752
tsp0,7,51440
tsp0,6,94788
tsp0,6,84683
tsp0,6,95225
tsp0,3,92412
tsp0,3,35507
tsp0,5,66358
tsp0,6,60657
tsp0,7,76452
tsp0,4,95245
tsp0,7,72363
tsp0,4,44126
tsp0,4,80464
tsp0,6,93001
tsp0,3,76692
tsp0,5,39654
tsp0,5,77128
tsp0,5,31911
tsp0,6,31797
tsp0,7,75401
tsp0,3,89606
tsp0,9,18610
tsp0,8,92200
tsp0,4,92971
tsp0,7,92972
tsp0,8,93312
tsp0,7,92590
tsp0,8,89774
tsp0,6,19063
tsp0,7,88426
tsp0,7,41705
tsp0,8,38420
tsp0,8,67374
tsp0,3,68567
tsp0,6,92550
tsp0,8,18173
tsp0,4,38464
tsp0,7,89709
tsp0,6,75216
tsp0,8,52504
tsp0,8,55060
tsp0,3,77567
tsp0,7,35071
tsp0,7,39440
tsp0,6,38613
tsp0,7,39527
tsp0,4,49007
tsp0,4,45033
tsp0,4,50176
tsp0,8,39479
tsp0,5,66102
tsp0,4,70434
tsp0,8,38899
tsp0,3,44728
tsp0,8,63156
tsp0,7,31013
tsp0,7,58323
tsp0,8,73372
tsp0,8,45944
tsp0,8,91434
tsp0,8,84681
tsp0,2,69467
tsp0,8,86298
tsp0,6,84827
tsp0,4,44019
tsp0,7,37926
tsp0,8,62623
tsp0,8,36992
tsp0,4,45802
tsp0,3,84319
tsp0,5,84666
tsp0,8,66143
tsp0,5,65713
tsp0,5,39623
tsp0,5,65719
tsp0,6,81932
tsp0,7,82342
tsp0,3,64080
tsp0,8,61848
tsp0,5,47428
tsp0,8,60484
tsp0,9,37245
tsp0,8,31922
tsp0,5,50266
tsp0,8,38092
tsp0,8,74308
tsp0,8,62742
tsp0,8,71486
tsp0,5,69776
tsp0,7,57488
tsp0,6,65649
tsp0,5,35098
tsp0,6,39756
tsp0,6,31925
tsp0,7,36496
tsp0,8,35003
tsp0,7,84297
tsp0,8,45253
tsp0,6,71987
tsp0,4,31940
tsp0,8,31475
tsp0,8,34501
tsp0,7,67034
tsp0,7,85718
tsp0,10,47529
tsp0,4,38444
tsp0,9,58437
tsp0,8,36858
tsp0,4,55457
tsp0,7,65463
tsp0,7,58088
tsp0,4,47254
tsp0,5,91798
tsp0,10,46579
tsp0,8,84279
tsp0,8,82568
tsp0,6,19031
tsp0,8,87571
tsp0,7,66510
tsp0,7,73318
tsp0,7,73393
tsp0,9,56083
tsp0,8,39584
tsp0,9,71081
tsp0,6,65021
tsp0,7,39576
tsp0,6,68217
tsp0,3,48598
tsp0,8,50672
tsp0,9,47385
tsp0,9,65856
tsp0,3,65540
tsp0,2,82341
tsp0,8,46967
tsp0,8,65436
tsp0,8,53372
tsp0,4,39412
tsp0,2,67635
tsp0,4,52954
tsp0,7,36956
tsp0,7,62167
tsp0,5,64918
tsp0,6,86377
tsp0,8,78945
tsp0,8,45779
tsp0,6,65841
tsp0,5,72712
tsp0,6,84837
tsp0,9,76108
tsp0,2,45485
tsp0,9,53110
tsp0,5,51936
tsp0,7,79747
tsp0,3,38007
tsp0,5,42126
tsp0,5,52412
tsp0,8,89779
tsp0,9,67616
tsp0,4,85149
tsp0,8,45777
tsp0,6,80043
tsp0,7,85113
tsp0,8,86284
tsp0,5,85150
tsp0,8,47954
tsp0,4,85148
tsp0,4,53742
tsp0,9,64169
tsp0,8,45427
tsp0,8,38274
tsp0,9,31788
tsp0,4,78851
tsp0,3,75395
tsp0,9,54240
tsp0,9,39656
tsp0,8,39158
tsp0,9,34194
tsp0,8,76048
tsp0,10,41428
tsp0,9,66244
tsp0,7,39894
tsp0,8,57418
tsp0,6,58023
tsp0,8,47666
tsp0,10,65837
tsp0,10,36385
tsp0,10,37983
tsp0,9,51848
tsp0,8,86376
tsp0,8,44885
tsp0,6,35187
tsp0,6,10114
tsp0,7,39625
tsp0,7,31464
tsp0,7,24452
tsp0,3,33082
tsp0,4,14450
tsp0,8,22126
tsp0,8,36763
tsp0,9,19079
tsp0,8,10048
tsp0,9,17421
tsp0,8,17159
tsp0,8,10102
tsp0,8,18988
tsp0,7,65869
tsp0,7,70397
tsp0,8,10020
tsp0,8,10936
tsp0,8,19469
tsp0,5,49483
tsp0,6,70773
tsp0,6,61103
tsp0,5,34521
tsp0,7,61698
tsp0,7,38898
tsp0,7,51082
tsp0,3,44625
tsp0,7,69207
tsp0,6,64191
tsp0,8,35546
tsp0,9,33930
tsp0,9,30688
tsp0,6,61506
tsp0,8,51386
tsp0,8,58018
tsp0,8,47414
tsp0,8,19099
tsp0,8,31162
tsp0,8,79762
tsp0,7,42547
tsp0,4,68063
tsp0,9,39879
tsp0,3,44655
tsp0,8,36746
tsp0,8,38883
tsp0,9,10181
tsp0,8,10111
tsp0,9,10110
tsp0,7,66144
tsp0,7,35901
tsp0,8,33410
tsp0,9,48602
tsp0,6,65674
tsp0,7,36798
tsp0,6,31281
tsp0,9,10200
tsp0,9,10028
tsp0,10,34181
tsp0,7,73411
tsp0,9,37486
tsp0,8,17541
tsp0,4,38254
tsp0,8,61521
tsp0,6,41450
tsp0,3,61639
tsp0,9,12270
tsp0,9,10016
tsp0,8,17262
tsp0,8,18043
tsp0,9,13500
tsp0,8,16503
tsp0,6,75355
tsp0,9,74315
tsp0,3,62638
tsp0,7,25906
tsp0,9,39405
tsp0,7,45321
tsp0,7,39157
tsp0,7,62422
tsp0,3,73344
tsp0,6,69958
tsp0,6,49463
tsp0,9,30301
tsp0,8,37642
tsp0,8,50724
tsp0,5,71073
tsp0,9,12482
tsp0,8,39892
tsp0,8,29059
tsp0,8,43153
tsp0,8,39804
tsp0,8,62556
tsp0,8,10025
tsp0,7,10024
tsp0,9,10022
tsp0,9,10021
tsp0,9,46985
tsp0,8,71760
tsp0,9,17135
tsp0,7,31271
tsp0,8,24542
tsp0,6,34160
tsp0,8,17092
tsp0,9,19147
tsp0,9,62263
tsp0,9,10245
tsp0,9,10012
tsp0,9,44020
tsp0,7,79557
tsp0,6,37888
tsp0,8,83084
tsp0,8,64129
tsp0,9,35939
tsp0,8,38662
tsp0,9,31726
tsp0,8,76016
tsp0,8,36484
tsp0,6,51699
tsp0,6,36843
tsp0,6,51443
tsp0,7,43679
tsp0,8,43678
tsp0,8,37148
tsp0,9,38574
tsp0,9,44529
tsp0,4,36957
tsp0,9,31268
tsp0,6,39569
tsp0,8,62249
tsp0,8,37742
tsp0,8,31267
tsp0,9,31778
tsp0,9,18552
tsp0,9,29657
tsp0,8,30897
tsp0,8,31796
tsp0,8,31795
tsp0,8,31794
tsp0,7,37838
tsp0,8,54411
tsp0,8,53034
tsp0,8,29217
tsp0,8,60753
tsp0,8,47152
tsp0,8,39841
tsp0,9,71509
tsp0,9,51143
tsp0,9,59075
tsp0,8,38738
tsp0,8,35273
tsp0,8,24830
tsp0,9,68555
tsp0,9,39857
tsp0,8,80866
tsp0,8,76460
tsp0,8,82219
tsp0,10,39636
tsp0,3,72177
tsp0,10,56691
tsp0,10,18847
sky9,10,161967
sky9,10,172425
sky9,10,154285
sky9,10,158178
sky9,10,158191
sky9,10,161242
sky9,10,129383
sky9,10,137952
sky9,10,142822
sky9,10,144943
sky9,10,130720
yodo,10,161967
yodo,10,167651
yodo,10,171755
yodo,10,157297
yodo,10,154222
yodo,10,158180
yodo,10,158191
yodo,10,85579
yodo,10,152385
yodo,1,153652
yodo,10,146469
yodo,1,146506
yodo,10,125473
yodo,10,162173
yodo,10,130373
yodo,10,132933
yodo,10,142822
yodo,10,130966
yodo,10,145414
yodo,1,130903
yodo,1,100647
yodo,10,127496
yodo,10,121788
yodo,8,99701
yodo,7,118917
yodo,10,124201
yodo,10,129051
yodo,10,45290
yodo,10,125484
yodo,10,44916
yodo,10,121922
yodo,10,120141
yodo,10,92064
yodo,10,130787
yodo,4,98149
yodo,2,129050
yodo,10,115977
yodo,10,95541
yodo,1,121048
yodo,7,69956
yodo,10,102272
yodo,10,67786
yodo,10,123470
yodo,10,114249
yodo,10,103760
yodo,10,117790
yodo,10,102875
yodo,10,121090
yodo,10,96387
yodo,10,105015
yodo,10,67769
yodo,10,102817
yodo,10,109753
yodo,10,93756
yodo,10,107373
yodo,10,109778
yodo,10,100691
yodo,10,107961
yodo,10,90589
yodo,10,106547
yodo,10,94187
yodo,10,62560
yodo,10,13479
yodo,10,92069
yodo,10,96327
yodo,10,110332
yodo,1,120057
yodo,10,104467
yodo,10,91192
yodo,10,100654
yodo,10,106540
yodo,10,107924
yodo,1,105521
yodo,2,100931
yodo,1,93028
yodo,10,101901
yodo,1,74566
yodo,10,96961
yodo,10,81315
yodo,1,104612
yodo,10,93727
yodo,10,103271
yodo,10,39569
yodo,10,61521
dewp,1,161967
dewp,1,124013
eyku,10,177483
eyku,10,101901
geon,2,132623
geon,10,158178
geon,10,177374
geon,10,102875
geon,10,166092
geon,2,152156
geon,2,164106
geon,10,153687
geon,2,155263
geon,10,175322
geon,10,109906
geon,2,125494
geon,10,153651
geon,10,158180
geon,10,150637
geon,10,137890
geon,1,140696
geon,10,152170
geon,1,137008
geon,1,120160
geon,1,137944
geon,10,146506
geon,10,155256
geon,1,36565
geon,1,146485
geon,1,91510
geon,1,109982
geon,10,160135
geon,1,143499
geon,1,110333
geon,10,146459
geon,1,118307
geon,10,144314
geon,10,142625
geon,10,136899
geon,1,136843
geon,10,44913
geon,1,140693
geon,1,74866
geon,1,124238
geon,1,45321
geon,10,72408
geon,10,59845
geon,10,122916
geon,10,11354
geon,1,95332
geon,10,127496
geon,1,95541
geon,10,121922
geon,10,31268
geon,1,72270
geon,1,125443
geon,7,102824
geon,10,89218
geon,10,78726
geon,10,121048
geon,10,72054
geon,10,83893
geon,10,112041
geon,10,39516
geon,1,100644
geon,1,123300
geon,10,102272
geon,10,72522
geon,1,45290
geon,10,51708
geon,10,112040
geon,10,37886
geon,10,93756
geon,1,100691
geon,10,99752
geon,10,103271
geon,10,107373
geon,10,71509
geon,10,107924
geon,10,72560
myil,8,43206
myil,10,124238
myil,10,144906
myil,10,174835
myil,8,168050
myil,10,31925
myil,9,169015
myil,5,152661
myil,10,154222
myil,10,79315
myil,10,124807
myil,8,154285
myil,10,14617
myil,3,69783
myil,8,136315
myil,10,143435
myil,10,117787
myil,10,118377
myil,10,22126
myil,9,121922
myil,10,92075
myil,10,101901
myil,10,99794
myil,9,92823
myil,8,86867
myil,10,70254
myil,8,85633
myil,10,75413
myil,10,69990
myil,10,69989
myil,10,49726
myil,8,73787
myil,10,73096
myil,10,71509
myil,10,51386
myil,10,71932
myil,10,53084
myil,10,67374
myil,10,53881
myil,10,62266
myil,10,49727
myil,9,51076
myil,10,45321
myil,10,47494
myil,9,45921
myil,10,68052
myil,10,66520
myil,10,47701
myil,10,50667
myil,5,50681
myil,10,51566
myil,10,47229
myil,10,48074
myil,10,64191
myil,10,62167
hous,10,161967
hous,7,137327
hous,10,177967
hous,8,181410
hous,10,136900
hous,10,179974
hous,10,132623
hous,10,148909
hous,10,66728
hous,6,156464
hous,10,157297
hous,10,154293
hous,8,154222
hous,6,154285
hous,1,136898
hous,10,147067
hous,10,168036
hous,10,151744
hous,10,125494
hous,1,158112
hous,1,85579
hous,9,70123
hous,10,150637
hous,1,143394
hous,8,143402
hous,4,146469
hous,4,152170
hous,7,152633
hous,6,146506
hous,10,110653
hous,8,125473
hous,9,155256
hous,9,154112
hous,8,143409
hous,10,51787
hous,8,140731
hous,10,106335
hous,10,130849
hous,1,44913
hous,5,144968
hous,10,38227
hous,10,37236
hous,1,122527
hous,1,94195
hous,1,117802
hous,10,109960
hous,10,129406
hous,10,82434
hous,3,143245
hous,10,100072
hous,10,114225
hous,10,17170
hous,10,116234
hous,10,121788
hous,10,129049
hous,10,124201
hous,9,115977
hous,7,121048
hous,10,95541
hous,10,66726
hous,1,114260
hous,10,79602
hous,10,122120
hous,10,67786
hous,10,102934
hous,5,118950
hous,6,77768
hous,7,98438
hous,1,93218
hous,10,109642
hous,10,129266
hous,7,45290
hous,10,65113
hous,10,91192
hous,3,71073
hous,10,17421
huya,10,152331
huya,6,153580
huya,1,157297
huya,1,96917
huya,10,66215
huya,9,16822
huya,10,121051
huya,1,112079
huya,4,103759
huya,1,99800
huya,9,35939
huya,9,68616
huya,10,45889
huya,9,49637
huya,10,73394
huya,10,70773
huya,8,16220
huya,10,36666
huya,10,37235
